id,token,ner_tags,raw_tags
1,[CLS],10,O
1,כן,10,O
1,נראה,10,O
1,לי,10,O
1,ליישב,10,O
1,דברי,10,O
1,"רמ""א",1,B-AUT
1,[SEP],10,O
1,,10,O
2,[CLS],10,O
2,ויותר,10,O
2,מבואר,10,O
2,"בריטב""א",1,B-AUT
2,[SEP],10,O
2,,10,O
3,[CLS],10,O
3,ובדבר,10,O
3,שיש,10,O
3,לו,10,O
3,מתיר,10,O
3,##ין,10,O
3,לא,10,O
3,אמרינן,10,O
3,ספיקא,10,O
3,דרבנן,10,O
3,לקולא,10,O
3,כברי,10,O
3,##ש,10,O
3,ביצה,2,B-BOK
3,[SEP],10,O
3,,10,O
4,[CLS],10,O
4,אך,10,O
4,לפי,10,O
4,מה,10,O
4,שכתב,10,O
4,דב,10,O
4,##זי,10,O
4,##נתה,10,O
4,תחתיו,10,O
4,ונתקל,10,O
4,##קל,10,O
4,האישות,10,O
4,מודה,10,O
4,"הרמב""ם",1,B-AUT
4,דאינו,10,O
4,מפר,10,O
4,נדרים,10,O
4,ניחא,10,O
4,[SEP],10,O
4,,10,O
5,[CLS],10,O
5,"ורמב""ם",1,B-AUT
5,שכתב,10,O
5,אינו,10,O
5,לוקה,10,O
5,לבד,10,O
5,מאל,10,O
5,##מנה,10,O
5,לכהן,10,O
5,גדול,10,O
5,הכל,10,O
5,חולקים,10,O
5,עליו,10,O
5,בזה,10,O
5,[SEP],10,O
5,,10,O
6,[CLS],10,O
6,והנה,10,O
6,"ברמ""א",1,B-AUT
6,סימן,3,B-pSEC
6,"קט""ו",4,B-SEC
6,דאפילו,10,O
6,עוברת,10,O
6,על,10,O
6,דת,10,O
6,בלא,10,O
6,התראה,10,O
6,אף,10,O
6,שלא,10,O
6,אבדה,10,O
6,כתובתה,10,O
6,מכל,10,O
6,מקום,10,O
6,מותר,10,O
6,לגרשה,10,O
6,בעל,10,O
6,כרח,10,O
6,##ה,10,O
6,[SEP],10,O
6,,10,O
7,[CLS],10,O
7,"שו""ת",2,B-BOK
7,אבני,2.1,I-BOK
7,נזר,2.1,I-BOK
7,חלק,3,B-pSEC
7,אבן,4,B-SEC
7,העזר,4.1,I-SEC
7,סימן,5,B-pCHP
7,ז,6,B-CHP
7,בין,10,O
7,השמשות,10,O
7,יום,10,O
7,וערב,10,O
7,שבת,10,O
7,קדש,10,O
7,שש,10,O
7,מאות,10,O
7,חמישים,10,O
7,וחמישה,10,O
7,לפרט,10,O
7,קטן,10,O
7,פה,10,O
7,סא,10,O
7,##כט,10,O
7,##שא,10,O
7,##ב,10,O
7,[SEP],10,O
7,,10,O
8,[CLS],10,O
8,לשיטת,10,O
8,תוספות,1,B-AUT
8,"ורשב""א",1,B-AUT
8,"ולרש""י",1,B-AUT
8,"ורמב""ם",1,B-AUT
8,שאין,10,O
8,חייבין,10,O
8,עליה,10,O
8,מיתה,10,O
8,[SEP],10,O
8,,10,O
9,[CLS],10,O
9,אך,10,O
9,מה,10,O
9,שכתב,10,O
9,הנודע,2,B-BOK
9,ביהודה,2.1,I-BOK
9,להשל,10,O
9,##יש,10,O
9,עבודה,10,O
9,זרה,10,O
9,בטוחות,10,O
9,אינו,10,O
9,מחו,10,O
9,##ור,10,O
9,לי,10,O
9,[SEP],10,O
9,,10,O
10,[CLS],10,O
10,ב,10,O
10,),10,O
10,בכתובות,2,B-BOK
10,(,10,O
10,"י""ג",6,B-CHP
10,עמוד,7,B-pSCHP
10,א',8,B-SCHP
10,),10,O
10,ראו,10,O
10,##ה,10,O
10,מדברת,10,O
10,עם,10,O
10,אחד,10,O
10,ואמרו,10,O
10,לה,10,O
10,מה,10,O
10,טיבו,10,O
10,של,10,O
10,איש,10,O
10,זה,10,O
10,איש,10,O
10,פלוני,10,O
10,וכהן,10,O
10,הוא,10,O
10,[SEP],10,O
10,,10,O
11,[CLS],10,O
11,והיינו,10,O
11,שדי,10,O
11,##נם,10,O
11,כנ,10,O
11,##כרי,10,O
11,ועבד,10,O
11,ואין,10,O
11,מטמא,10,O
11,##ין,10,O
11,בנדה,10,O
11,+,10,O
11,הגה,10,O
11,"##""ה",10,O
11,עיין,10,O
11,"רמב""ם",1,B-AUT
11,פרק,5,B-pCHP
11,ד',5.1,I-pCHP
11,מהלכות,3,B-pSEC
11,איסורי,4,B-SEC
11,ביאה,4.1,I-SEC
11,דה,10,O
11,##בא,10,O
11,על,10,O
11,שפ,10,O
11,##חת,10,O
11,נדה,10,O
11,בכר,10,O
11,##ת,10,O
11,[SEP],10,O
11,,10,O
12,[CLS],10,O
12,כמפ,10,O
12,##ורש,10,O
12,בדבריו,10,O
12,דק,10,O
12,##אי,10,O
12,על,10,O
12,"הרמ""א",1,B-AUT
12,דמפ,10,O
12,##ורש,10,O
12,דבריו,10,O
12,שנשא,10,O
12,באיסור,10,O
12,[SEP],10,O
12,,10,O
13,[CLS],10,O
13,וצ,10,O
13,"##""ל",10,O
13,משום,10,O
13,דכתיב,10,O
13,איש,10,O
13,איש,10,O
13,ופירוש,10,O
13,"רש""י",1,B-AUT
13,שמוע,1,B-AUT
13,##לת,10,O
13,בשתים,10,O
13,בבעלה,10,O
13,ובאי,10,O
13,##ש,10,O
13,מלחמה,10,O
13,שלמעלה,10,O
13,[SEP],10,O
13,,10,O
14,[CLS],10,O
14,ובית,1,B-AUT
14,יוסף,1.1,I-AUT
14,ורמ,1,B-AUT
14,"##""א",10,O
14,דלא,10,O
14,כוו,10,O
14,##תי,10,O
14,##ה,10,O
14,ובכה,10,O
14,##אי,10,O
14,גוונא,10,O
14,דיש,10,O
14,לומר,10,O
14,דגם,10,O
14,"הרשב""א",1,B-AUT
14,מודה,10,O
14,לא,10,O
14,נפל,10,O
14,##יג,10,O
14,מחלוקת,10,O
14,##ן,10,O
14,[SEP],10,O
14,,10,O
15,[CLS],10,O
15,והטעם,10,O
15,בזה,10,O
15,פשוט,10,O
15,לפי,10,O
15,מה,10,O
15,שכתב,10,O
15,"הרשב""א",1,B-AUT
15,גיטין,2,B-BOK
15,(,10,O
15,עליו,10,O
15,השלום,10,O
15,),10,O
15,בהא,10,O
15,דמ,10,O
15,##ס,10,O
15,##פקא,10,O
15,ליה,10,O
15,בנתינה,10,O
15,בעל,10,O
15,כרחו,10,O
15,[SEP],10,O
15,,10,O
16,[CLS],10,O
16,והנה,10,O
16,דעת,10,O
16,"הרא""ש",1,B-AUT
16,בבא,4,B-SEC
16,קמא,4.1,I-SEC
16,(,10,O
16,מאה,6,B-CHP
16,ושנים,6.1,I-CHP
16,עשר,6.1,I-CHP
16,עמוד,7,B-pSCHP
16,ב',8,B-SCHP
16,),10,O
16,דאף,10,O
16,במקום,10,O
16,אונס,10,O
16,אין,10,O
16,מקבלין,10,O
16,עדות,10,O
16,שלא,10,O
16,בפני,10,O
16,בעל,10,O
16,דין,10,O
16,רק,10,O
16,בשלח,10,O
16,##ו,10,O
16,אליו,10,O
16,ולא,10,O
16,בא,10,O
16,דאז,10,O
16,הוא,10,O
16,פושע,10,O
16,[SEP],10,O
16,,10,O
17,[CLS],10,O
17,"מ""מ",10,O
17,יש,10,O
17,לפרש,10,O
17,שיודע,10,O
17,דכ,10,O
17,##הן,10,O
17,גדול,10,O
17,בארץ,10,O
17,ישראל,10,O
17,הוי,10,O
17,ערלה,10,O
17,[SEP],10,O
17,,10,O
18,[CLS],10,O
18,ופירוש,10,O
18,"רש""י",1,B-AUT
18,יניחו,10,O
18,##ם,10,O
18,בספי,10,O
18,##קן,10,O
18,והם,10,O
18,טהורים,10,O
18,לעתיד,10,O
18,לבוא,10,O
18,[SEP],10,O
18,,10,O
19,[CLS],10,O
19,ועיין,10,O
19,"רש""י",1,B-AUT
19,פסחים,4,B-SEC
19,(,10,O
19,דף,5,B-pCHP
19,ז',6,B-CHP
19,עמוד,7,B-pSCHP
19,ב',8,B-SCHP
19,),10,O
19,"ובצל""ח",1,B-AUT
19,השיג,10,O
19,שם,10,O
19,על,10,O
19,"רש""י",1,B-AUT
19,וכתב,10,O
19,פירוש,10,O
19,אחר,10,O
19,[SEP],10,O
19,,10,O
20,[CLS],10,O
20,והרב,1,B-AUT
20,המגיד,1.1,I-AUT
20,כתב,10,O
20,שכן,10,O
20,משמע,10,O
20,בסוגיא,10,O
20,דשבת,1,B-AUT
20,[SEP],10,O
20,,10,O
21,[CLS],10,O
21,ז,10,O
21,),10,O
21,אך,10,O
21,צריך,10,O
21,עיון,10,O
21,"ברמב""ם",1,B-AUT
21,פרק,5,B-pCHP
21,"ט""ז",6,B-CHP
21,מהלכות,3,B-pSEC
21,איסורי,4,B-SEC
21,ביאה,4.1,I-SEC
21,היינו,10,O
21,טעמא,10,O
21,דכ,10,O
21,##ת,10,O
21,##ב,10,O
21,כרתו,10,O
21,כלב,10,O
21,פסול,10,O
21,והא,10,O
21,לא,10,O
21,נעשה,10,O
21,בו,10,O
21,איסור,10,O
21,[SEP],10,O
21,,10,O
22,[CLS],10,O
22,אך,10,O
22,דלפי,10,O
22,זה,10,O
22,צריך,10,O
22,להבין,10,O
22,שיטת,10,O
22,"הרמב""ם",1,B-AUT
22,שפירש,10,O
22,בעל,10,O
22,ביצה,10,O
22,בידי,10,O
22,שמים,10,O
22,ומכל,10,O
22,מקום,10,O
22,מכשיר,10,O
22,במח,10,O
22,##מת,10,O
22,חולי,10,O
22,[SEP],10,O
22,,10,O
23,[CLS],10,O
23,"והרשב""א",1,B-AUT
23,ריש,10,O
23,פרק,3,B-pSEC
23,הערל,4,B-SEC
23,דקדק,10,O
23,בזה,10,O
23,וכתב,10,O
23,דבריי,10,O
23,##תא,10,O
23,פלי,10,O
23,##גי,10,O
23,[SEP],10,O
23,,10,O
24,[CLS],10,O
24,אך,10,O
24,מה,10,O
24,שכתבתי,10,O
24,לעיל,10,O
24,שדעת,10,O
24,"רש""י",1,B-AUT
24,כת,10,O
24,##שוב,10,O
24,##ת,10,O
24,"הרא""ש",1,B-AUT
24,דאין,10,O
24,חילוק,10,O
24,בין,10,O
24,מת,10,O
24,או,10,O
24,גרש,10,O
24,##ה,10,O
24,מכאן,10,O
24,מוכח,10,O
24,להיפוך,10,O
24,במה,10,O
24,שכתב,10,O
24,והואיל,10,O
24,והוציאה,10,O
24,בעלה,10,O
24,מפני,10,O
24,זה,10,O
24,[SEP],10,O
24,,10,O
25,[CLS],10,O
25,ב,10,O
25,),10,O
25,מה,10,O
25,שכתבת,10,O
25,שהרא,1,B-AUT
25,"##""ש",10,O
25,בשביל,10,O
25,זה,10,O
25,לבד,10,O
25,אסר,10,O
25,בשא,10,O
25,##ין,10,O
25,בנים,10,O
25,מן,10,O
25,הנטען,10,O
25,משום,10,O
25,דב,10,O
25,##כל,10,O
25,ארצות,10,O
25,מורין,10,O
25,כהרי,1,B-AUT
25,"##""ף",10,O
25,"והרמב""ם",1,B-AUT
25,[SEP],10,O
25,,10,O
26,[CLS],10,O
26,"והרמ""א",1,B-AUT
26,מודה,10,O
26,להמח,1,B-AUT
26,##בר,10,O
26,בגרוש,10,O
26,##ה,10,O
26,שמכירה,10,O
26,ובמז,10,O
26,##נה,10,O
26,הביא,10,O
26,יש,10,O
26,אומרים,10,O
26,משום,10,O
26,דמ,10,O
26,##זנה,10,O
26,כאי,10,O
26,##נה,10,O
26,מכירה,10,O
26,דמי,10,O
26,##א,10,O
26,"כנ""ל",10,O
26,[SEP],10,O
26,,10,O
27,[CLS],10,O
27,יא,10,O
27,),10,O
27,שוב,10,O
27,ראיתי,10,O
27,במקור,10,O
27,הדין,10,O
27,"ברמב""ם",1,B-AUT
27,שכתב,10,O
27,הדין,10,O
27,אפילו,10,O
27,באשה,10,O
27,שהלך,10,O
27,בעלה,10,O
27,למדינת,10,O
27,הים,10,O
27,[SEP],10,O
27,,10,O
28,[CLS],10,O
28,אך,10,O
28,נראה,10,O
28,לפשוט,10,O
28,ספק,10,O
28,זה,10,O
28,מהא,10,O
28,דת,10,O
28,##נן,10,O
28,בסו,2,B-BOK
28,##טה,10,O
28,פרק,3,B-pSEC
28,מי,4,B-SEC
28,שקי,4.1,I-SEC
28,##נא,10,O
28,חמש,10,O
28,נשים,10,O
28,שאין,10,O
28,נאמנות,10,O
28,עליה,10,O
28,לומר,10,O
28,מת,10,O
28,בעלה,10,O
28,נאמנת,10,O
28,עליה,10,O
28,[SEP],10,O
28,,10,O
29,[CLS],10,O
29,מיהו,10,O
29,בהא,10,O
29,יש,10,O
29,לומר,10,O
29,לדעת,10,O
29,"הרמב""ם",1,B-AUT
29,דעל,10,O
29,קריב,10,O
29,##ה,10,O
29,דגן,10,O
29,עדן,10,O
29,לוקה,10,O
29,[SEP],10,O
29,,10,O
30,[CLS],10,O
30,והני,10,O
30,עובדי,10,O
30,דש,10,O
30,##להי,10,O
30,נדרים,2,B-BOK
30,אף,10,O
30,דא,10,O
30,##דעת,10,O
30,##א,10,O
30,דני,10,O
30,##אוף,10,O
30,אסת,10,O
30,##תר,10,O
30,היתה,10,O
30,מותרת,10,O
30,[SEP],10,O
30,,10,O
31,[CLS],10,O
31,מתני,10,O
31,##תי,10,O
31,##ן,10,O
31,דש,2,B-BOK
31,##בועות,10,O
31,תיו,10,O
31,##בתי,10,O
31,##ה,10,O
31,[SEP],10,O
31,,10,O
32,[CLS],10,O
32,מכל,10,O
32,מקום,10,O
32,כיון,10,O
32,שספק,10,O
32,אם,10,O
32,היה,10,O
32,ברשות,10,O
32,היחיד,10,O
32,כלל,10,O
32,חשוב,10,O
32,ספק,10,O
32,טומאה,10,O
32,ברשות,10,O
32,הרבים,10,O
32,דאינו,10,O
32,דומי,10,O
32,##א,10,O
32,דס,10,O
32,##וטה,10,O
32,שודאי,10,O
32,נסתרה,10,O
32,ברשות,10,O
32,היחיד,10,O
32,[SEP],10,O
32,,10,O
33,[CLS],10,O
33,"שו""ת",2,B-BOK
33,אבני,2.1,I-BOK
33,נזר,2.1,I-BOK
33,חלק,3,B-pSEC
33,אבן,4,B-SEC
33,העזר,4.1,I-SEC
33,סימן,5,B-pCHP
33,לג,6,B-CHP
33,בין,10,O
33,השמשות,10,O
33,יום,10,O
33,וערב,10,O
33,שבת,10,O
33,קדש,10,O
33,שופטים,10,O
33,תרנג,10,O
33,"##""ל",10,O
33,[SEP],10,O
33,,10,O
34,[CLS],10,O
34,הובא,10,O
34,ברמ,1,B-AUT
34,"##""א",10,O
34,סימן,5,B-pCHP
34,קט,6,B-CHP
34,"##""ו",10,O
34,[SEP],10,O
34,,10,O
35,[CLS],10,O
35,והפרי,2,B-BOK
35,מגדים,2.1,I-BOK
35,גם,10,O
35,כן,10,O
35,סיים,10,O
35,בצרי,10,O
35,##ך,10,O
35,עיון,10,O
35,[SEP],10,O
35,,10,O
36,[CLS],10,O
36,ד,10,O
36,),10,O
36,מיהו,10,O
36,יש,10,O
36,חולק,10,O
36,##ין,10,O
36,על,10,O
36,"הט""ז",1,B-AUT
36,בפרט,10,O
36,בזמן,10,O
36,הזה,10,O
36,שיש,10,O
36,חרם,10,O
36,דרב,10,O
36,##נו,10,O
36,גרשום,10,O
36,ואינו,10,O
36,נאמן,10,O
36,לומר,10,O
36,שמאמין,10,O
36,[SEP],10,O
36,,10,O
37,[CLS],10,O
37,ה,10,O
37,),10,O
37,אך,10,O
37,בעיקר,10,O
37,סברת,10,O
37,"הרמב""ם",1,B-AUT
37,דאף,10,O
37,שראוי,10,O
37,לאחר,10,O
37,זמן,10,O
37,לא,10,O
37,חשוב,10,O
37,ראוי,10,O
37,נראה,10,O
37,שהוא,10,O
37,מחלוקת,10,O
37,"רש""י",1,B-AUT
37,שם,10,O
37,עם,10,O
37,תוספות,1,B-AUT
37,קידושין,4,B-SEC
37,(,10,O
37,"כ""ז",6,B-CHP
37,),10,O
37,"שרש""י",1,B-AUT
37,יבמות,4,B-SEC
37,שם,10,O
37,[SEP],10,O
37,,10,O
38,[CLS],10,O
38,אך,10,O
38,קשה,10,O
38,עליו,10,O
38,מהא,10,O
38,דתו,1,B-AUT
38,##ספו,10,O
38,##ת,10,O
38,כתובות,4,B-SEC
38,(,10,O
38,"מ""ד",6,B-CHP
38,עמוד,7,B-pSCHP
38,א',8,B-SCHP
38,),10,O
38,דה,10,O
38,##ני,10,O
38,מילי,10,O
38,איכא,10,O
38,ביני,10,O
38,##יהו,10,O
38,אור,10,O
38,##עי,10,O
38,סה,10,O
38,##די,10,O
38,שפירשו,10,O
38,דאף,10,O
38,דלע,10,O
38,##ל,10,O
38,##מא,10,O
38,כשרים,10,O
38,לזה,10,O
38,שהודה,10,O
38,עליהם,10,O
38,שפס,10,O
38,##ולים,10,O
38,המה,10,O
38,אם,10,O
38,יש,10,O
38,לו,10,O
38,שטר,10,O
38,מהם,10,O
38,פסול,10,O
38,יע,10,O
38,##יין,10,O
38,שם,10,O
38,[SEP],10,O
38,,10,O
39,[CLS],10,O
39,והכי,10,O
39,נמי,10,O
39,בנדון,10,O
39,"הרשב""א",1,B-AUT
39,שנשאה,10,O
39,לשם,10,O
39,אישות,10,O
39,[SEP],10,O
39,,10,O
40,[CLS],10,O
40,ואם,10,O
40,כן,10,O
40,איכא,10,O
40,ספק,10,O
40,ספיקא,10,O
40,להתיר,10,O
40,##א,10,O
40,ספק,10,O
40,כתשובה,10,O
40,לרמ,1,B-AUT
40,##ב,10,O
40,"##""ן",10,O
40,סימן,5,B-pCHP
40,קל,6,B-CHP
40,"##""ג",10,O
40,ובית,2,B-BOK
40,שמואל,2.1,I-BOK
40,בשם,10,O
40,מהרש,1,B-AUT
40,"##""ל",10,O
40,דאין,10,O
40,איסור,10,O
40,רק,10,O
40,לצאת,10,O
40,ידי,10,O
40,שמים,10,O
40,עיין,10,O
40,שם,10,O
40,וכה,10,O
40,##חל,10,O
40,##קת,10,O
40,מחוקק,10,O
40,דמה,10,O
40,שאין,10,O
40,כופין,10,O
40,משום,10,O
40,דאין,10,O
40,דבר,10,O
40,שבער,10,O
40,##וה,10,O
40,פחות,10,O
40,משנים,10,O
40,ואין,10,O
40,בית,10,O
40,דין,10,O
40,מוציאין,10,O
40,אלא,10,O
40,בעדים,10,O
40,[SEP],10,O
40,,10,O
41,[CLS],10,O
41,משום,10,O
41,דהא,10,O
41,מילתא,10,O
41,דהו,10,O
41,##דא,10,O
41,##תה,10,O
41,עם,10,O
41,רגלים,10,O
41,לדבר,10,O
41,אוסר,10,O
41,תולה,10,O
41,לה,10,O
41,מהרא,10,O
41,"##""י",10,O
41,שם,10,O
41,במחלוקת,10,O
41,תוספות,1,B-AUT
41,יבמות,4,B-SEC
41,עם,10,O
41,תוספות,1,B-AUT
41,כתובות,4,B-SEC
41,[SEP],10,O
41,,10,O
42,[CLS],10,O
42,ובהא,10,O
42,דרי,1,B-AUT
42,"##טב""א",10,O
42,ונימו,1,B-AUT
42,##קי,10,O
42,יוסף,1.1,I-AUT
42,אף,10,O
42,שהיא,10,O
42,אומרת,10,O
42,ברי,10,O
42,שלא,10,O
42,נבע,10,O
42,##לתי,10,O
42,[SEP],10,O
42,,10,O
43,[CLS],10,O
43,ז,10,O
43,),10,O
43,והנה,10,O
43,מבואר,10,O
43,לפי,10,O
43,זה,10,O
43,דב,10,O
43,##סת,10,O
43,##מא,10,O
43,אסור,10,O
43,ומה,10,O
43,שכתב,10,O
43,"הרא""ש",1,B-AUT
43,אבל,10,O
43,באומר,10,O
43,##ת,10,O
43,טהורה,10,O
43,אני,10,O
43,[SEP],10,O
43,,10,O
44,[CLS],10,O
44,ואזי,10,O
44,##ל,10,O
44,טעם,10,O
44,"הרשב""א",1,B-AUT
44,וטעם,10,O
44,הרבי,10,O
44,אליעזר,10,O
44,ממי,10,O
44,##ץ,10,O
44,כיון,10,O
44,דמ,10,O
44,##קור,10,O
44,האיסור,10,O
44,הוא,10,O
44,עליו,10,O
44,ועל,10,O
44,זה,10,O
44,אין,10,O
44,לה,10,O
44,נאמנות,10,O
44,גם,10,O
44,לגבי,10,O
44,עצמה,10,O
44,גם,10,O
44,כן,10,O
44,אינה,10,O
44,נאמנת,10,O
44,[SEP],10,O
44,,10,O
45,[CLS],10,O
45,אך,10,O
45,דעת,10,O
45,"רש""י",1,B-AUT
45,ותוספות,1,B-AUT
45,יומא,4,B-SEC
45,(,10,O
45,פרק,5,B-pCHP
45,ה',6,B-CHP
45,עמוד,7,B-pSCHP
45,א',8,B-SCHP
45,),10,O
45,דכיון,10,O
45,שמפקח,10,O
45,##ין,10,O
45,עליו,10,O
45,הגל,10,O
45,בשבת,10,O
45,כל,10,O
45,שכן,10,O
45,שמצוה,10,O
45,להחיות,10,O
45,##ו,10,O
45,עיין,10,O
45,שם,10,O
45,[SEP],10,O
45,,10,O
46,[CLS],10,O
46,ושוב,10,O
46,דומה,10,O
46,להא,10,O
46,דר,1,B-AUT
46,"##מב""ן",10,O
46,באיסור,10,O
46,##א,10,O
46,דאית,10,O
46,ביה,10,O
46,ממו,10,O
46,##נא,10,O
46,כן,10,O
46,נראה,10,O
46,לי,10,O
46,"ודו""ק",10,O
46,[SEP],10,O
46,,10,O
47,[CLS],10,O
47,ואז,10,O
47,##דא,10,O
47,לה,10,O
47,טעם,10,O
47,שני,10,O
47,של,10,O
47,"הרמ""א",1,B-AUT
47,[SEP],10,O
47,,10,O
48,[CLS],10,O
48,והט,1,B-AUT
48,"##""ז",10,O
48,אוסר,10,O
48,[SEP],10,O
48,,10,O
49,[CLS],10,O
49,ואם,10,O
49,משום,10,O
49,היתומים,10,O
49,הא,10,O
49,בביטול,10,O
49,מצות,10,O
49,עשה,10,O
49,מותר,10,O
49,להאכיל,10,O
49,לקטן,10,O
49,בידים,10,O
49,כמו,10,O
49,שכתב,10,O
49,בהגה,2,B-BOK
49,##ות,10,O
49,מיי,2.1,I-BOK
49,##מוני,10,O
49,בשם,10,O
49,"מהר""ם",1,B-AUT
49,[SEP],10,O
49,,10,O
50,[CLS],10,O
50,זו,10,O
50,אומרת,10,O
50,משש,10,O
50,##ה,10,O
50,שבועות,10,O
50,היא,10,O
50,מעוברת,10,O
50,[SEP],10,O
50,,10,O
51,[CLS],10,O
51,והיינו,10,O
51,דלע,10,O
51,##נין,10,O
51,גט,10,O
51,דרבנן,10,O
51,שמא,10,O
51,יבוא,10,O
51,עליה,10,O
51,מקיל,10,O
51,##ין,10,O
51,כר,1,B-AUT
51,"##שב""א",10,O
51,[SEP],10,O
51,,10,O
52,[CLS],10,O
52,ועוד,10,O
52,"הרמ""א",1,B-AUT
52,סימן,5,B-pCHP
52,"פ""ב",6,B-CHP
52,הביא,10,O
52,דעת,10,O
52,ריא,1,B-AUT
52,"##""ז",10,O
52,בלי,10,O
52,חולק,10,O
52,שגם,10,O
52,מינק,10,O
52,##ת,10,O
52,דעל,10,O
52,##מא,10,O
52,בלא,10,O
52,הכירה,10,O
52,אינה,10,O
52,מחוייבת,10,O
52,להניק,10,O
52,[SEP],10,O
52,,10,O
53,[CLS],10,O
53,ואם,10,O
53,כן,10,O
53,הכי,10,O
53,נמי,10,O
53,נאמר,10,O
53,דכ,10,O
53,##י,10,O
53,היכי,10,O
53,דל,10,O
53,##רבי,10,O
53,יהודה,10,O
53,ורבי,10,O
53,יוסי,10,O
53,יבמות,2,B-BOK
53,(,10,O
53,"מ""א",6,B-CHP
53,עמוד,7,B-pSCHP
53,א',8,B-SCHP
53,),10,O
53,הנש,10,O
53,##ואות,10,O
53,מותרות,10,O
53,ליא,10,O
53,##רס,10,O
53,הכי,10,O
53,נמי,10,O
53,מינק,10,O
53,##ת,10,O
53,תהיה,10,O
53,מותרת,10,O
53,ליא,10,O
53,##רס,10,O
53,ולמה,10,O
53,לא,10,O
53,פלי,10,O
53,##ג,10,O
53,ר',10,O
53,יהודה,10,O
53,באיר,10,O
53,##וסין,10,O
53,[SEP],10,O
53,,10,O
54,[CLS],10,O
54,מה,10,O
54,שאין,10,O
54,כן,10,O
54,לדי,10,O
54,##דן,10,O
54,דק,10,O
54,##יי,10,O
54,##מא,10,O
54,לן,10,O
54,כהר,1,B-AUT
54,##א,10,O
54,"##""ש",10,O
54,דפי,10,O
54,##רש,10,O
54,מראית,10,O
54,עין,10,O
54,כפ,10,O
54,##שטו,10,O
54,[SEP],10,O
54,,10,O
55,[CLS],10,O
55,כג,10,O
55,),10,O
55,וכל,10,O
55,זה,10,O
55,לרמ,1,B-AUT
55,"##""א",10,O
55,סימן,5,B-pCHP
55,רכ,6,B-CHP
55,"##""ב",10,O
55,בשם,10,O
55,יש,10,O
55,מי,10,O
55,שכתב,10,O
55,[SEP],10,O
55,,10,O
56,[CLS],10,O
56,ועוד,10,O
56,דבה,10,O
56,##הי,10,O
56,##א,10,O
56,דה,10,O
56,##מג,10,O
56,##רש,10,O
56,גופיה,10,O
56,כתב,10,O
56,"הרשב""א",1,B-AUT
56,בקיד,10,O
56,##שה,10,O
56,ראובן,10,O
56,חוץ,10,O
56,משמעו,10,O
56,##ן,10,O
56,נהי,10,O
56,דחי,10,O
56,##וב,10,O
56,כרת,10,O
56,ליכא,10,O
56,גבי,10,O
56,שמעון,10,O
56,מכל,10,O
56,מקום,10,O
56,אסורה,10,O
56,אליו,10,O
56,[SEP],10,O
56,,10,O
57,[CLS],10,O
57,ופירש,10,O
57,"הר""ן",1,B-AUT
57,זכרונו,10,O
57,לברכה,10,O
57,שמא,10,O
57,האחר,10,O
57,מסרו,10,O
57,לזו,10,O
57,שמא,10,O
57,עיניו,10,O
57,נתן,10,O
57,בה,10,O
57,[SEP],10,O
57,,10,O
58,[CLS],10,O
58,ומכל,10,O
58,מקום,10,O
58,אין,10,O
58,ראיה,10,O
58,מדמ,10,O
58,##אי,10,O
58,לשאר,10,O
58,איסורי,10,O
58,##ן,10,O
58,דיש,10,O
58,לומר,10,O
58,דדי,10,O
58,##נו,10,O
58,כקט,10,O
58,##ן,10,O
58,"כנ""ל",10,O
58,ובטה,10,O
58,##רות,10,O
58,שהוא,10,O
58,גם,10,O
58,כן,10,O
58,דרבנן,10,O
58,ואף,10,O
58,על,10,O
58,פי,10,O
58,כן,10,O
58,אינו,10,O
58,נאמן,10,O
58,משום,10,O
58,דח,10,O
58,##שבי,10,O
58,##נן,10,O
58,ליה,10,O
58,לאינ,10,O
58,##ו,10,O
58,יודע,10,O
58,כדברי,10,O
58,"הרמב""ם",1,B-AUT
58,[SEP],10,O
58,,10,O
59,[CLS],10,O
59,וכן,10,O
59,לשון,10,O
59,"הש""ס",2,B-BOK
59,סוטה,4,B-SEC
59,(,10,O
59,ז,6,B-CHP
59,),10,O
59,סוטה,10,O
59,בעלה,10,O
59,נאמן,10,O
59,עליה,10,O
59,מקל,10,O
59,וחומר,10,O
59,אמרו,10,O
59,לו,10,O
59,אם,10,O
59,אמרת,10,O
59,בנדה,10,O
59,שכן,10,O
59,יש,10,O
59,לה,10,O
59,שעת,10,O
59,היתר,10,O
59,[SEP],10,O
59,,10,O
60,[CLS],10,O
60,ח,10,O
60,),10,O
60,איבר,10,O
60,##א,10,O
60,דלא,10,O
60,##חר,10,O
60,העיון,10,O
60,יש,10,O
60,לדחות,10,O
60,כל,10,O
60,זה,10,O
60,ונאמר,10,O
60,דט,10,O
60,##ע,10,O
60,##מא,10,O
60,דהר,1,B-AUT
60,"##""ן",10,O
60,דע,10,O
60,##ד,10,O
60,אחד,10,O
60,נאמן,10,O
60,באבי,10,O
60,##דה,10,O
60,כמו,10,O
60,בקיד,10,O
60,##שתי,10,O
60,את,10,O
60,בתי,10,O
60,[SEP],10,O
60,,10,O
61,[CLS],10,O
61,וכן,10,O
61,מוכח,10,O
61,בתשובה,10,O
61,"הר""ן",1,B-AUT
61,סימן,5,B-pCHP
61,"מ""ז",6,B-CHP
61,דיבור,10,O
61,המתחיל,10,O
61,ובודאי,10,O
61,[SEP],10,O
61,,10,O
62,[CLS],10,O
62,כדאיתא,10,O
62,סוף,10,O
62,פרק,5,B-pCHP
62,עד,6,B-CHP
62,כמה,6.1,I-CHP
62,לענין,10,O
62,היתר,10,O
62,בכורות,10,O
62,ונדר,10,O
62,##ים,10,O
62,[SEP],10,O
62,,10,O
63,[CLS],10,O
63,ועוד,10,O
63,הוחזק,10,O
63,בבית,10,O
63,החולים,10,O
63,יותר,10,O
63,משל,10,O
63,##שים,10,O
63,יום,10,O
63,בשמו,10,O
63,ושם,10,O
63,משפחתו,10,O
63,וקיי,10,O
63,##מא,10,O
63,לן,10,O
63,בבא,2,B-BOK
63,בתרא,2.1,I-BOK
63,הוחזק,10,O
63,שלשים,10,O
63,יום,10,O
63,שוב,10,O
63,לא,10,O
63,חיי,10,O
63,##שינן,10,O
63,ליה,10,O
63,[SEP],10,O
63,,10,O
64,[CLS],10,O
64,והרי,10,O
64,מפורש,10,O
64,ברמ,1,B-AUT
64,"##""א",10,O
64,סימן,5,B-pCHP
64,"י""ז",6,B-CHP
64,סעיף,7,B-pSCHP
64,ה',8,B-SCHP
64,ואפילו,10,O
64,לא,10,O
64,אמר,10,O
64,ממי,10,O
64,שמע,10,O
64,רק,10,O
64,אמר,10,O
64,סתם,10,O
64,ששמע,10,O
64,כשר,10,O
64,ולא,10,O
64,חיי,10,O
64,##שינן,10,O
64,שמא,10,O
64,הראשון,10,O
64,פסול,10,O
64,היה,10,O
64,[SEP],10,O
64,,10,O
65,[CLS],10,O
65,וער,10,O
65,##כאות,10,O
65,נמי,10,O
65,כיון,10,O
65,דלא,10,O
65,##ו,10,O
65,בני,10,O
65,עדות,10,O
65,נינה,10,O
65,##ו,10,O
65,דא,10,O
65,##מעט,10,O
65,##י,10,O
65,מאחיו,10,O
65,אף,10,O
65,דלא,10,O
65,מרעי,10,O
65,נפשי,10,O
65,##יהו,10,O
65,לא,10,O
65,מהימ,10,O
65,##ני,10,O
65,מדאורייתא,10,O
65,כמו,10,O
65,שכתב,10,O
65,תוספות,1,B-AUT
65,(,10,O
65,דף,5,B-pCHP
65,ט',6,B-CHP
65,עמוד,7,B-pSCHP
65,ב',8,B-SCHP
65,),10,O
65,והר,10,O
65,"##""ן",10,O
65,במקומו,10,O
65,[SEP],10,O
65,,10,O
66,[CLS],10,O
66,מהא,10,O
66,דש,2,B-BOK
66,##בועות,10,O
66,(,10,O
66,"מ""ח",6,B-CHP
66,עמוד,7,B-pSCHP
66,א',8,B-SCHP
66,),10,O
66,דמפ,10,O
66,##רש,10,O
66,לראש,10,O
66,חודש,10,O
66,ברייתא,10,O
66,דזה,10,O
66,אומר,10,O
66,גבוה,10,O
66,שלש,10,O
66,מרד,10,O
66,##עות,10,O
66,וזה,10,O
66,אומר,10,O
66,חמש,10,O
66,עדות,10,O
66,##ן,10,O
66,בטיל,10,O
66,##ה,10,O
66,ומצט,10,O
66,##ר,10,O
66,##פין,10,O
66,לעדות,10,O
66,אחרת,10,O
66,[SEP],10,O
66,,10,O
67,[CLS],10,O
67,ג,10,O
67,),10,O
67,האמנם,10,O
67,בתשובה,10,O
67,"הרשב""א",1,B-AUT
67,המיוחסת,10,O
67,לרמ,1,B-AUT
67,##ב,10,O
67,"##""ן",10,O
67,סימן,5,B-pCHP
67,צ,6,B-CHP
67,"##""ד",10,O
67,שגם,10,O
67,עד,10,O
67,אחד,10,O
67,אינו,10,O
67,חשוד,10,O
67,למשק,10,O
67,##ר,10,O
67,רק,10,O
67,מצד,10,O
67,גזירת,10,O
67,הכתוב,10,O
67,[SEP],10,O
67,,10,O
68,[CLS],10,O
68,אבל,10,O
68,זה,10,O
68,שנתי,10,O
68,##רנו,10,O
68,משום,10,O
68,הכלים,10,O
68,לא,10,O
68,יועיל,10,O
68,הגדת,10,O
68,##ו,10,O
68,[SEP],10,O
68,,10,O
69,[CLS],10,O
69,ועיין,10,O
69,פסחים,2,B-BOK
69,(,10,O
69,פרק,5,B-pCHP
69,ו',6,B-CHP
69,עמוד,7,B-pSCHP
69,א',8,B-SCHP
69,),10,O
69,על,10,O
69,הבתים,10,O
69,אשר,10,O
69,יאכלו,10,O
69,אותו,10,O
69,בהם,10,O
69,לרבי,10,O
69,יהודה,10,O
69,אין,10,O
69,האוכל,10,O
69,אוכל,10,O
69,בשני,10,O
69,מקומות,10,O
69,רק,10,O
69,כל,10,O
69,אחד,10,O
69,אוכל,10,O
69,בבית,10,O
69,אחד,10,O
69,וכולם,10,O
69,אוכלים,10,O
69,בבתים,10,O
69,[SEP],10,O
69,,10,O
70,[CLS],10,O
70,לא,10,O
70,בעדים,10,O
70,שמעידים,10,O
70,שהוא,10,O
70,שלו,10,O
70,נתוודע,10,O
70,שעכשיו,10,O
70,אינו,10,O
70,רמאי,10,O
70,אבל,10,O
70,בסימן,10,O
70,לבד,10,O
70,אכ,10,O
70,##תי,10,O
70,חיי,10,O
70,##שינן,10,O
70,שמא,10,O
70,רמאי,10,O
70,הוא,10,O
70,[SEP],10,O
70,,10,O
71,[CLS],10,O
71,לא,10,O
71,יועיל,10,O
71,כאן,10,O
71,נמצא,10,O
71,דידה,10,O
71,##ו,10,O
71,כמו,10,O
71,שכתב,10,O
71,"הרמב""ן",1,B-AUT
71,גיטין,2,B-BOK
71,גבי,10,O
71,העושה,10,O
71,שליח,10,O
71,לקדש,10,O
71,לו,10,O
71,אשה,10,O
71,[SEP],10,O
71,,10,O
72,[CLS],10,O
72,מכל,10,O
72,מקום,10,O
72,יש,10,O
72,לנו,10,O
72,היתר,10,O
72,"מהר""ל",1,B-AUT
72,מפראג,1.1,I-AUT
72,סימן,10,O
72,בגופו,10,O
72,עם,10,O
72,טביעות,10,O
72,עין,10,O
72,דכל,10,O
72,##ים,10,O
72,[SEP],10,O
72,,10,O
73,[CLS],10,O
73,ד,10,O
73,),10,O
73,אך,10,O
73,מכל,10,O
73,מקום,10,O
73,אם,10,O
73,העיד,10,O
73,בגד,10,O
73,##לותו,10,O
73,מה,10,O
73,שראה,10,O
73,בקטנות,10,O
73,##ו,10,O
73,בזה,10,O
73,צדקו,10,O
73,דברי,10,O
73,"הט""ז",1,B-AUT
73,[SEP],10,O
73,,10,O
74,[CLS],10,O
74,וכבודו,10,O
74,רוצה,10,O
74,לומר,10,O
74,עוד,10,O
74,דע,10,O
74,##דיף,10,O
74,מכלים,10,O
74,דלא,10,O
74,מושלי,10,O
74,[SEP],10,O
74,,10,O
75,[CLS],10,O
75,דאמרינן,10,O
75,וודאי,10,O
75,גם,10,O
75,תחילה,10,O
75,ידעה,10,O
75,שמת,10,O
75,ותוכל,10,O
75,להביא,10,O
75,עדים,10,O
75,ולדעת,10,O
75,רשב,1,B-AUT
75,"##""א",10,O
75,אי,10,O
75,עד,10,O
75,אחד,10,O
75,ביב,10,O
75,##מה,10,O
75,נאמן,10,O
75,אין,10,O
75,צריך,10,O
75,לטע,10,O
75,##מא,10,O
75,דדי,10,O
75,##יקא,10,O
75,אין,10,O
75,להחמיר,10,O
75,בזה,10,O
75,"כנ""ל",10,O
75,[SEP],10,O
75,,10,O
76,[CLS],10,O
76,דכ,10,O
76,##ן,10,O
76,משמע,10,O
76,ביבמות,2,B-BOK
76,(,10,O
76,מאה,5,B-pCHP
76,עשרים,5.1,I-pCHP
76,ושניים,5.1,I-pCHP
76,),10,O
76,בגו,10,O
76,##י,10,O
76,שהיה,10,O
76,מוכר,10,O
76,פירות,10,O
76,ואמר,10,O
76,של,10,O
76,ערלה,10,O
76,כו,10,O
76,',10,O
76,אינו,10,O
76,נאמן,10,O
76,שלא,10,O
76,נתכוון,10,O
76,אלא,10,O
76,להשביח,10,O
76,מקח,10,O
76,##ו,10,O
76,[SEP],10,O
76,,10,O
77,[CLS],10,O
77,אך,10,O
77,כמו,10,O
77,שכתב,10,O
77,הבית,1,B-AUT
77,יוסף,1.1,I-AUT
77,בכלים,10,O
77,דלא,10,O
77,מושלי,10,O
77,לדי,10,O
77,##דן,10,O
77,דסי,10,O
77,##מנים,10,O
77,דרבנן,10,O
77,חש,10,O
77,##ינן,10,O
77,גם,10,O
77,בזה,10,O
77,לשאלה,10,O
77,[SEP],10,O
77,,10,O
78,[CLS],10,O
78,והב,10,O
78,"##""ח",10,O
78,נדחק,10,O
78,בלשון,10,O
78,הטור,2,B-BOK
78,לומר,10,O
78,שגם,10,O
78,הטור,2,B-BOK
78,אין,10,O
78,דעתו,10,O
78,כן,10,O
78,[SEP],10,O
78,,10,O
79,[CLS],10,O
79,ה,10,O
79,),10,O
79,אך,10,O
79,נראה,10,O
79,לפסוק,10,O
79,כדעת,10,O
79,תוספות,1,B-AUT
79,ורא,1,B-AUT
79,"##""ש",10,O
79,דאין,10,O
79,התחלת,10,O
79,איסור,10,O
79,בשי,10,O
79,##מת,10,O
79,מוך,10,O
79,לאחר,10,O
79,תשמיש,10,O
79,[SEP],10,O
79,,10,O
80,[CLS],10,O
80,ב,10,O
80,),10,O
80,ואשר,10,O
80,דימה,10,O
80,לדברי,10,O
80,רז,1,B-AUT
80,"##""ה",10,O
80,ורש,1,B-AUT
80,##ב,10,O
80,"##""א",10,O
80,בנש,10,O
80,##פכו,10,O
80,חמין,10,O
80,שעל,10,O
80,אחר,10,O
80,המילה,10,O
80,[SEP],10,O
80,,10,O
81,[CLS],10,O
81,וכן,10,O
81,כתב,10,O
81,"הר""ן",1,B-AUT
81,שם,10,O
81,[SEP],10,O
81,,10,O
82,[CLS],10,O
82,וכתב,10,O
82,"הר""ן",1,B-AUT
82,דפ,10,O
82,##ליג,10,O
82,##י,10,O
82,בהא,10,O
82,דה,10,O
82,##יפר,10,O
82,מקצתו,10,O
82,אינו,10,O
82,מופר,10,O
82,דכתיב,10,O
82,אשה,10,O
82,יפי,10,O
82,##רנו,10,O
82,ושמואל,10,O
82,סובר,10,O
82,כיון,10,O
82,דאי,10,O
82,אמרת,10,O
82,דאינו,10,O
82,מופר,10,O
82,לשא,10,O
82,##ינו,10,O
82,מתע,10,O
82,##נה,10,O
82,גם,10,O
82,למתע,10,O
82,##נה,10,O
82,לא,10,O
82,יועיל,10,O
82,הפרתו,10,O
82,[SEP],10,O
82,,10,O
83,[CLS],10,O
83,דומה,10,O
83,לנו,10,O
83,##לד,10,O
83,בין,10,O
83,השמשות,10,O
83,שאינו,10,O
83,דוחה,10,O
83,שבת,10,O
83,מספק,10,O
83,[SEP],10,O
83,,10,O
84,[CLS],10,O
84,ואנכי,10,O
84,עיינתי,10,O
84,בתשובה,10,O
84,"הרא""ש",1,B-AUT
84,סימן,5,B-pCHP
84,נ,6,B-CHP
84,"##""ד",10,O
84,סעיף,7,B-pSCHP
84,א',8,B-SCHP
84,שמבואר,10,O
84,להדיא,10,O
84,השאלה,10,O
84,לענין,10,O
84,ממון,10,O
84,ועל,10,O
84,זה,10,O
84,כתב,10,O
84,"הרא""ש",1,B-AUT
84,דבע,10,O
84,##ינן,10,O
84,תחילתו,10,O
84,וסופו,10,O
84,בכשרות,10,O
84,אבל,10,O
84,בעדות,10,O
84,אשה,10,O
84,גם,10,O
84,"הרא""ש",1,B-AUT
84,סביר,10,O
84,##א,10,O
84,ליה,10,O
84,דלא,10,O
84,איכפת,10,O
84,לן,10,O
84,בתחילתו,10,O
84,בפס,10,O
84,##ול,10,O
84,[SEP],10,O
84,,10,O
85,[CLS],10,O
85,ולדעת,10,O
85,הרב,1,B-AUT
85,המגיד,1.1,I-AUT
85,נראה,10,O
85,דהר,1,B-AUT
85,"##מב""ם",10,O
85,לטעמי,10,O
85,##ה,10,O
85,בפרק,5,B-pCHP
85,ו',6,B-CHP
85,מהלכות,3,B-pSEC
85,גירושין,4,B-SEC
85,דאם,10,O
85,הביא,10,O
85,גט,10,O
85,פסול,10,O
85,בעבירה,10,O
85,מן,10,O
85,התורה,10,O
85,ולא,10,O
85,נתקיים,10,O
85,בחות,10,O
85,##מיו,10,O
85,אינו,10,O
85,גט,10,O
85,דב,10,O
85,##פסו,10,O
85,##ל,10,O
85,בעבירה,10,O
85,חיי,10,O
85,##שינן,10,O
85,לזיוף,10,O
85,[SEP],10,O
85,,10,O
86,[CLS],10,O
86,וכן,10,O
86,דעת,10,O
86,"רש""י",1,B-AUT
86,בבא,2,B-BOK
86,קמא,2.1,I-BOK
86,(,10,O
86,מאה,6,B-CHP
86,וארבעה,6.1,I-CHP
86,עשר,6.1,I-CHP
86,עמוד,7,B-pSCHP
86,ב',8,B-SCHP
86,),10,O
86,"בד""ה",10,O
86,לעדות,10,O
86,אשה,10,O
86,[SEP],10,O
86,,10,O
87,[CLS],10,O
87,ואף,10,O
87,לדי,10,O
87,##דן,10,O
87,לא,10,O
87,פלגי,10,O
87,##נן,10,O
87,על,10,O
87,"הרמב""ן",1,B-AUT
87,בהא,10,O
87,"ודו""ק",10,O
87,[SEP],10,O
87,,10,O
88,[CLS],10,O
88,"שו""ת",10,O
88,אבני,2,B-BOK
88,נזר,2.1,I-BOK
88,חלק,3,B-pSEC
88,אבן,4,B-SEC
88,העזר,4.1,I-SEC
88,סימן,5,B-pCHP
88,פח,6,B-CHP
88,א,8,B-SCHP
88,),10,O
88,"בש""ס",10,O
88,יבמות,2,B-BOK
88,(,10,O
88,"פ""ז",6,B-CHP
88,עמוד,7,B-pSCHP
88,ב',8,B-SCHP
88,),10,O
88,במשנה,2,B-BOK
88,האשה,10,O
88,שהלך,10,O
88,בעלה,10,O
88,למדינת,10,O
88,הים,10,O
88,ובאו,10,O
88,ואמרו,10,O
88,לה,10,O
88,מת,10,O
88,בעלך,10,O
88,וניס,10,O
88,##ת,10,O
88,ואחר,10,O
88,כך,10,O
88,בא,10,O
88,בעלה,10,O
88,תצא,10,O
88,מזה,10,O
88,ומזה,10,O
88,וצריכה,10,O
88,גט,10,O
88,מזה,10,O
88,ומזה,10,O
88,וכו',10,O
88,ואם,10,O
88,מתו,10,O
88,אחיו,10,O
88,של,10,O
88,זה,10,O
88,ואחיו,10,O
88,של,10,O
88,זה,10,O
88,חול,10,O
88,##צין,10,O
88,ולא,10,O
88,מייב,10,O
88,##מין,10,O
88,[SEP],10,O
88,,10,O
89,[CLS],10,O
89,"ורש""י",1,B-AUT
89,לא,10,O
89,פירש,10,O
89,איב,10,O
89,##ם,10,O
89,משום,10,O
89,דס,10,O
89,##ביר,10,O
89,##א,10,O
89,ליה,10,O
89,דל,10,O
89,##כת,10,O
89,##חילה,10,O
89,מותרת,10,O
89,להתיי,10,O
89,##בם,10,O
89,לר,10,O
89,"##""ש",10,O
89,דלא,10,O
89,קני,10,O
89,##ס,10,O
89,לאחר,10,O
89,מיתה,10,O
89,[SEP],10,O
89,,10,O
90,[CLS],10,O
90,אך,10,O
90,ראיתי,10,O
90,להתו,1,B-AUT
90,##ספו,10,O
90,##ת,10,O
90,יום,1.1,I-AUT
90,טוב,1.1,I-AUT
90,ריש,10,O
90,הוריות,2,B-BOK
90,על,10,O
90,משנה,10,O
90,די,10,O
90,##חיד,10,O
90,שעשה,10,O
90,בהוראת,10,O
90,בית,10,O
90,דין,10,O
90,פטור,10,O
90,[SEP],10,O
90,,10,O
91,[CLS],10,O
91,שהרי,10,O
91,ראיית,10,O
91,הבית,2,B-BOK
91,יוסף,2.1,I-BOK
91,מחמת,10,O
91,שהרי,1,B-AUT
91,"##""ף",10,O
91,"והרמב""ם",1,B-AUT
91,לא,10,O
91,הביאו,10,O
91,דין,10,O
91,זה,10,O
91,[SEP],10,O
91,,10,O
92,[CLS],10,O
92,שוב,10,O
92,מצאתי,10,O
92,כן,10,O
92,ברא,1,B-AUT
92,"##""ש",10,O
92,הוריות,2,B-BOK
92,בשם,10,O
92,הרמ,1,B-AUT
92,"##""ה",10,O
92,[SEP],10,O
92,,10,O
93,[CLS],10,O
93,ובשל,10,O
93,##מא,10,O
93,בסו,2,B-BOK
93,##טה,10,O
93,כיון,10,O
93,שהדין,10,O
93,שאינו,10,O
93,נאמן,10,O
93,לטמא,10,O
93,##ה,10,O
93,והדין,10,O
93,שטה,10,O
93,##ורה,10,O
93,ממילא,10,O
93,מותרת,10,O
93,לו,10,O
93,[SEP],10,O
93,,10,O
94,[CLS],10,O
94,וכמו,10,O
94,שאין,10,O
94,האחים,10,O
94,נכנסים,10,O
94,לנחלה,10,O
94,על,10,O
94,פי,10,O
94,עד,10,O
94,אחד,10,O
94,[SEP],10,O
94,,10,O
95,[CLS],10,O
95,והחיל,10,O
95,##וק,10,O
95,שבין,10,O
95,תקנה,10,O
95,למנהג,10,O
95,מבואר,10,O
95,פרק,5,B-pCHP
95,לולב,6,B-CHP
95,וערב,6.1,I-CHP
95,##ה,10,O
95,בחב,10,O
95,##וט,10,O
95,דל,10,O
95,##מאן,10,O
95,דאמר,10,O
95,מנהג,10,O
95,נביאים,10,O
95,אין,10,O
95,מברכין,10,O
95,יע,10,O
95,##יין,10,O
95,שם,10,O
95,בגמרא,2,B-BOK
95,"ורש""י",1.1,I-AUT
95,[SEP],10,O
95,,10,O
96,[CLS],10,O
96,וכן,10,O
96,בסנהדרין,2,B-BOK
96,(,10,O
96,לד,6,B-CHP
96,עמוד,7,B-pSCHP
96,ב',8,B-SCHP
96,עח,6,B-CHP
96,עמוד,7,B-pSCHP
96,א',8,B-SCHP
96,),10,O
96,שס,10,O
96,##נהדרין,10,O
96,שראו,10,O
96,טריפה,10,O
96,שהרג,10,O
96,ובתו,1,B-AUT
96,##ספו,10,O
96,##ת,10,O
96,שם,10,O
96,כגון,10,O
96,דרא,10,O
96,##והו,10,O
96,ביום,10,O
96,[SEP],10,O
96,,10,O
97,[CLS],10,O
97,ומוכרח,10,O
97,דאפילו,10,O
97,במקום,10,O
97,חזקה,10,O
97,מהני,10,O
97,ברי,10,O
97,וכמו,10,O
97,שהוא,10,O
97,דעת,10,O
97,"הרשב""א",1,B-AUT
97,פרק,5,B-pCHP
97,האומר,6,B-CHP
97,ושפ,10,O
97,##יר,10,O
97,מקשה,10,O
97,אדר,10,O
97,##ב,10,O
97,[SEP],10,O
97,,10,O
98,[CLS],10,O
98,ואי,10,O
98,כדעת,10,O
98,ריט,1,B-AUT
98,##ב,10,O
98,"##""א",10,O
98,דמצ,10,O
98,##ר,10,O
98,##פין,10,O
98,ברי,10,O
98,שלה,10,O
98,לעדות,10,O
98,קשיא,10,O
98,הלכה,10,O
98,"י""ט",10,O
98,באומר,10,O
98,##ת,10,O
98,ברי,10,O
98,שמת,10,O
98,דווקא,10,O
98,אם,10,O
98,נשאת,10,O
98,לאותו,10,O
98,עד,10,O
98,לא,10,O
98,תצא,10,O
98,ויהיה,10,O
98,כתרי,10,O
98,לגבי,10,O
98,חד,10,O
98,[SEP],10,O
98,,10,O
99,[CLS],10,O
99,"והרמב""ם",1,B-AUT
99,פרק,5,B-pCHP
99,"י""ב",6,B-CHP
99,מהלכות,3,B-pSEC
99,גירושין,4,B-SEC
99,פסק,10,O
99,כלי,10,O
99,##ש,10,O
99,##נא,10,O
99,בתרא,10,O
99,[SEP],10,O
99,,10,O
100,[CLS],10,O
100,ב,10,O
100,),10,O
100,ובטעם,10,O
100,הדבר,10,O
100,שאין,10,O
100,ראשון,10,O
100,יכול,10,O
100,לחזור,10,O
100,נראה,10,O
100,לי,10,O
100,דהנה,10,O
100,"הריטב""א",1,B-AUT
100,פרק,5,B-pCHP
100,שבועת,6,B-CHP
100,העדות,6.1,I-CHP
100,כתב,10,O
100,להדיא,10,O
100,דאפילו,10,O
100,העיד,10,O
100,חוץ,10,O
100,לבית,10,O
100,דין,10,O
100,בעדות,10,O
100,אשה,10,O
100,אינה,10,O
100,יכול,10,O
100,לחזור,10,O
100,[SEP],10,O
100,,10,O
101,[CLS],10,O
101,אלה,10,O
101,דברי,10,O
101,"רש""י",1,B-AUT
101,זכרונו,10,O
101,לברכה,10,O
101,[SEP],10,O
101,,10,O
102,[CLS],10,O
102,אך,10,O
102,זה,10,O
102,אינו,10,O
102,לפי,10,O
102,מה,10,O
102,שכתב,10,O
102,מהרש,1,B-AUT
102,"##""א",10,O
102,חולין,4,B-SEC
102,(,10,O
102,פרק,5,B-pCHP
102,ו',6,B-CHP
102,עמוד,7,B-pSCHP
102,ב',8,B-SCHP
102,),10,O
102,דעי,10,O
102,##קר,10,O
102,מעלת,10,O
102,החזקה,10,O
102,משום,10,O
102,סמוך,10,O
102,מיעוט,10,O
102,##א,10,O
102,לפלג,10,O
102,##א,10,O
102,והוי,10,O
102,ליה,10,O
102,רוב,10,O
102,##א,10,O
102,[SEP],10,O
102,,10,O
103,[CLS],10,O
103,ורי,1,B-AUT
103,"##טב""א",10,O
103,לא,10,O
103,מחלק,10,O
103,בכך,10,O
103,[SEP],10,O
103,,10,O
104,[CLS],10,O
104,ג,10,O
104,),10,O
104,ויש,10,O
104,להביא,10,O
104,ראיה,10,O
104,לזה,10,O
104,מגי,2,B-BOK
104,##טין,10,O
104,(,10,O
104,ח,6,B-CHP
104,עמוד,7,B-pSCHP
104,ב',8,B-SCHP
104,),10,O
104,עבד,10,O
104,שהביא,10,O
104,גיט,10,O
104,##ו,10,O
104,וכתוב,10,O
104,בו,10,O
104,עצמך,10,O
104,ונכסי,10,O
104,##י,10,O
104,קנוי,10,O
104,##ין,10,O
104,לך,10,O
104,עצמו,10,O
104,קנה,10,O
104,נכסים,10,O
104,לא,10,O
104,קנה,10,O
104,[SEP],10,O
104,,10,O
105,[CLS],10,O
105,ד,10,O
105,),10,O
105,ונראה,10,O
105,דרש,10,O
105,"##""י",10,O
105,לטעמי,10,O
105,##ה,10,O
105,דס,10,O
105,##ביר,10,O
105,##א,10,O
105,ליה,10,O
105,בשבת,2,B-BOK
105,(,10,O
105,מאה,6,B-CHP
105,ארבעים,6.1,I-CHP
105,וחמישה,6.1,I-CHP
105,עמוד,7,B-pSCHP
105,ב',8,B-SCHP
105,),10,O
105,דט,10,O
105,##ע,10,O
105,##מא,10,O
105,דע,10,O
105,##ד,10,O
105,אחד,10,O
105,נאמן,10,O
105,לומר,10,O
105,מת,10,O
105,בעלך,10,O
105,משום,10,O
105,אפק,10,O
105,##עינה,10,O
105,##ו,10,O
105,רבנן,10,O
105,לקדוש,10,O
105,##י,10,O
105,מיניה,10,O
105,[SEP],10,O
105,,10,O
106,[CLS],10,O
106,ג,10,O
106,),10,O
106,וכיוצא,10,O
106,בזה,10,O
106,אמרינן,10,O
106,בסנהדרין,2,B-BOK
106,(,10,O
106,"ע""ז",6,B-CHP
106,),10,O
106,כפת,10,O
106,##ו,10,O
106,ומת,10,O
106,ברעב,10,O
106,פטור,10,O
106,יע,10,O
106,##יין,10,O
106,שם,10,O
106,בתוספות,1,B-AUT
106,[SEP],10,O
106,,10,O
107,[CLS],10,O
107,וכעת,10,O
107,יש,10,O
107,להוסיף,10,O
107,נופך,10,O
107,כיון,10,O
107,שפירוש,10,O
107,"רש""י",1,B-AUT
107,בשבת,4,B-SEC
107,משום,10,O
107,אפק,10,O
107,##עינה,10,O
107,##ו,10,O
107,[SEP],10,O
107,,10,O
108,[CLS],10,O
108,והיא,10,O
108,במלחמה,10,O
108,רק,10,O
108,משום,10,O
108,בעלה,10,O
108,וכשח,10,O
108,##ושבת,10,O
108,שבעלה,10,O
108,ודאי,10,O
108,מת,10,O
108,בורחת,10,O
108,ואינה,10,O
108,ממת,10,O
108,##נת,10,O
108,עד,10,O
108,שימות,10,O
108,[SEP],10,O
108,,10,O
109,[CLS],10,O
109,ודעת,10,O
109,התוספות,1,B-AUT
109,יומא,4,B-SEC
109,(,10,O
109,חמישים,5,B-pCHP
109,ואחת,5.1,I-pCHP
109,),10,O
109,"בד""ה",10,O
109,דוחה,10,O
109,דאפילו,10,O
109,בגז,10,O
109,##ירה,10,O
109,שוה,10,O
109,אמרינן,10,O
109,דיו,10,O
109,[SEP],10,O
109,,10,O
110,[CLS],10,O
110,ומסייע,10,O
110,לה,1,B-AUT
110,"##רמב""ם",10,O
110,[SEP],10,O
110,,10,O
111,[CLS],10,O
111,וכן,10,O
111,סוף,10,O
111,פרק,5,B-pCHP
111,ה',6,B-CHP
111,דטה,2,B-BOK
111,##רות,10,O
111,עד,10,O
111,אומר,10,O
111,נטמא,10,O
111,ועד,10,O
111,אומר,10,O
111,לא,10,O
111,נטמא,10,O
111,ברשות,10,O
111,היחיד,10,O
111,ספיק,10,O
111,##ו,10,O
111,טמא,10,O
111,[SEP],10,O
111,,10,O
112,[CLS],10,O
112,והוא,10,O
112,פסק,10,O
112,"הרמב""ם",1,B-AUT
112,ממש,10,O
112,[SEP],10,O
112,,10,O
113,[CLS],10,O
113,עוד,10,O
113,יש,10,O
113,לעמוד,10,O
113,בדברי,10,O
113,"רמב""ם",1,B-AUT
113,דב,2,B-BOK
113,##גמר,10,O
113,##א,10,O
113,אמרינן,10,O
113,בדד,10,O
113,##מי,10,O
113,דמל,10,O
113,##חמה,10,O
113,זמני,10,O
113,##ן,10,O
113,דמ,10,O
113,##חו,10,O
113,ליה,10,O
113,בגיר,10,O
113,##א,10,O
113,כו,10,O
113,',10,O
113,ואיכ,10,O
113,##א,10,O
113,דע,10,O
113,##ביד,10,O
113,סמ,10,O
113,##תר,10,O
113,##י,10,O
113,וחידוש,10,O
113,##י,10,O
113,[SEP],10,O
113,,10,O
114,[CLS],10,O
114,ד,10,O
114,),10,O
114,משמע,10,O
114,במס,10,O
114,##קנת,10,O
114,"הרא""ש",1,B-AUT
114,דס,10,O
114,"##""ל",10,O
114,כבעל,1,B-AUT
114,המאור,1.1,I-AUT
114,[SEP],10,O
114,,10,O
115,[CLS],10,O
115,"שו""ת",10,O
115,אבני,2,B-BOK
115,נזר,2.1,I-BOK
115,חלק,3,B-pSEC
115,אבן,4,B-SEC
115,העזר,4.1,I-SEC
115,סימן,5,B-pCHP
115,קיג,6,B-CHP
115,א,8,B-SCHP
115,[SEP],10,O
115,,10,O
116,[CLS],10,O
116,יבמות,2,B-BOK
116,(,10,O
116,מאה,6,B-CHP
116,וארבעה,6.1,I-CHP
116,עשר,6.1,I-CHP
116,עמוד,7,B-pSCHP
116,ב',8,B-SCHP
116,),10,O
116,בפירוש,10,O
116,"רש""י",1,B-AUT
116,דיבור,10,O
116,המתחיל,10,O
116,אמרה,10,O
116,ואף,10,O
116,על,10,O
116,גב,10,O
116,שבנה,10,O
116,אינו,10,O
116,בכאן,10,O
116,ואין,10,O
116,אמו,10,O
116,אצלו,10,O
116,לדבר,10,O
116,לו,10,O
116,על,10,O
116,כלתו,10,O
116,דברים,10,O
116,רעים,10,O
116,"עכ""ל",10,O
116,[SEP],10,O
116,,10,O
117,[CLS],10,O
117,ז,10,O
117,),10,O
117,וכן,10,O
117,מה,10,O
117,שכתב,10,O
117,"הר""ן",1,B-AUT
117,דה,10,O
117,##תי,10,O
117,##רוה,10,O
117,לי,10,O
117,##נשא,10,O
117,חשוב,10,O
117,נעשה,10,O
117,מעשה,10,O
117,[SEP],10,O
117,,10,O
118,[CLS],10,O
118,והכ,10,O
118,##א,10,O
118,נמי,10,O
118,כיון,10,O
118,שהאמת,10,O
118,שלא,10,O
118,חתמו,10,O
118,אינם,10,O
118,חוזרים,10,O
118,ומג,10,O
118,##ידים,10,O
118,ועדים,10,O
118,כשרים,10,O
118,הם,10,O
118,[SEP],10,O
118,,10,O
119,[CLS],10,O
119,הרי,10,O
119,##א,10,O
119,"##""ז",10,O
119,פוסק,10,O
119,דאין,10,O
119,נאמנים,10,O
119,"והרא""ש",1,B-AUT
119,פוסק,10,O
119,דנא,10,O
119,##מנים,10,O
119,ובשו,2,B-BOK
119,##לחן,10,O
119,ערוך,2.1,I-BOK
119,פוסק,10,O
119,כה,1,B-AUT
119,"##רא""ש",10,O
119,[SEP],10,O
119,,10,O
120,[CLS],10,O
120,ומדברי,10,O
120,##ו,10,O
120,נראה,10,O
120,דש,10,O
120,##בת,10,O
120,גם,10,O
120,כן,10,O
120,לא,10,O
120,דמי,10,O
120,לנזקי,10,O
120,##ן,10,O
120,[SEP],10,O
120,,10,O
121,[CLS],10,O
121,דהרי,10,O
121,הבית,1,B-AUT
121,יוסף,1.1,I-AUT
121,בסימן,5,B-pCHP
121,"ר""ו",6,B-CHP
121,בשם,10,O
121,תשובת,2,B-BOK
121,"הרשב""א",2.1,I-BOK
121,דווקא,10,O
121,כד,10,O
121,##שיי,10,O
121,##מי,10,O
121,ביה,10,O
121,תלת,10,O
121,##א,10,O
121,[SEP],10,O
121,,10,O
122,[CLS],10,O
122,וכן,10,O
122,מפורש,10,O
122,ב,2,B-BOK
122,"##רמב""ן",10,O
122,על,2.1,I-BOK
122,התורה,2.1,I-BOK
122,פרשת,3,B-pSEC
122,קדושים,3.1,I-pSEC
122,בפסוק,10,O
122,אל,10,O
122,תחל,10,O
122,##ל,10,O
122,דבריי,10,O
122,##תא,10,O
122,דס,10,O
122,##נהדרין,10,O
122,אל,10,O
122,תחל,10,O
122,##ל,10,O
122,במוסר,10,O
122,בתו,10,O
122,פנויה,10,O
122,שלא,10,O
122,לשם,10,O
122,אישות,10,O
122,הכתוב,10,O
122,מדבר,10,O
122,[SEP],10,O
122,,10,O
123,[CLS],10,O
123,לד,10,O
123,),10,O
123,ואשר,10,O
123,כתב,10,O
123,כבודו,10,O
123,שגם,10,O
123,בבואו,10,O
123,הנה,10,O
123,להתיי,10,O
123,##הד,10,O
123,הוא,10,O
123,מחלל,10,O
123,שבת,10,O
123,ושכ,10,O
123,##ור,10,O
123,ריק,10,O
123,ופוח,10,O
123,##ז,10,O
123,וגם,10,O
123,היא,10,O
123,היתה,10,O
123,משרתת,10,O
123,בבית,10,O
123,בעל,10,O
123,הבית,10,O
123,שאינם,10,O
123,זהירים,10,O
123,מחיל,10,O
123,##ול,10,O
123,שבת,10,O
123,ובב,10,O
123,"##""ח",10,O
123,ומכל,10,O
123,דבר,10,O
123,איסור,10,O
123,[SEP],10,O
123,,10,O
124,[CLS],10,O
124,והנה,10,O
124,יען,10,O
124,כי,10,O
124,בהיתר,10,O
124,הזה,10,O
124,יצא,10,O
124,ספק,10,O
124,לשיטת,10,O
124,"הרמב""ן",1,B-AUT
124,דאי,10,O
124,##נה,10,O
124,טועה,10,O
124,כלל,10,O
124,[SEP],10,O
124,,10,O
125,[CLS],10,O
125,ועיין,10,O
125,בבית,2,B-BOK
125,יוסף,2.1,I-BOK
125,סימן,5,B-pCHP
125,"ל""ד",6,B-CHP
125,בשם,10,O
125,"הרשב""א",1,B-AUT
125,בעדים,10,O
125,שיצא,10,O
125,עליהם,10,O
125,קלא,10,O
125,דלא,10,O
125,פסק,10,O
125,שוב,10,O
125,אין,10,O
125,מוציאין,10,O
125,ממון,10,O
125,על,10,O
125,ידם,10,O
125,[SEP],10,O
125,,10,O
126,[CLS],10,O
126,אך,10,O
126,לא,10,O
126,סמכתי,10,O
126,על,10,O
126,טעם,10,O
126,זה,10,O
126,לבד,10,O
126,כי,10,O
126,היו,10,O
126,עדים,10,O
126,שהעידו,10,O
126,על,10,O
126,החיל,10,O
126,##ול,10,O
126,שבת,10,O
126,שידעו,10,O
126,שהיום,10,O
126,שבת,10,O
126,[SEP],10,O
126,,10,O
127,[CLS],10,O
127,אם,10,O
127,כן,10,O
127,מה,10,O
127,תירץ,10,O
127,רב,1,B-AUT
127,ששת,1.1,I-AUT
127,בכתובות,2,B-BOK
127,(,10,O
127,שם,10,O
127,),10,O
127,זאת,10,O
127,אומרת,10,O
127,הכחשה,10,O
127,תחילת,10,O
127,הז,10,O
127,##מה,10,O
127,ואין,10,O
127,מזי,10,O
127,##מין,10,O
127,את,10,O
127,העדים,10,O
127,אלא,10,O
127,בפניהם,10,O
127,הא,10,O
127,מתו,10,O
127,והוי,10,O
127,אונס,10,O
127,[SEP],10,O
127,,10,O
128,[CLS],10,O
128,ועל,10,O
128,כן,10,O
128,לשיטת,10,O
128,"הר""ן",1,B-AUT
128,דמא,10,O
128,##ין,10,O
128,יודעין,10,O
128,ליודעי,10,O
128,##ן,10,O
128,לא,10,O
128,מקרי,10,O
128,חוזר,10,O
128,ומג,10,O
128,##יד,10,O
128,לא,10,O
128,נוכל,10,O
128,לדון,10,O
128,בזה,10,O
128,כיון,10,O
128,שהג,10,O
128,##יד,10,O
128,מחמת,10,O
128,עדותו,10,O
128,שהק,10,O
128,##ידושין,10,O
128,בטל,10,O
128,##ין,10,O
128,[SEP],10,O
128,,10,O
129,[CLS],10,O
129,וב,1,B-AUT
129,##תוספות,10,O
129,בכורות,4,B-SEC
129,(,10,O
129,לא,10,O
129,זכי,10,O
129,עמוד,10,O
129,א',10,O
129,),10,O
129,דאינו,10,O
129,שומע,10,O
129,חשיב,10,O
129,אינו,10,O
129,שוה,10,O
129,בזרע,10,O
129,##ו,10,O
129,של,10,O
129,אהרן,10,O
129,[SEP],10,O
129,,10,O
130,[CLS],10,O
130,וכן,10,O
130,בהא,10,O
130,ד,2,B-BOK
130,##הגהת,10,O
130,אלפסי,2.1,I-BOK
130,דב,10,O
130,##אינו,10,O
130,ידוע,10,O
130,שנבע,10,O
130,##לה,10,O
130,כתב,10,O
130,"הרמב""ם",1,B-AUT
130,ושולחן,1,B-AUT
130,ערוך,1.1,I-AUT
130,דה,10,O
130,##יא,10,O
130,ספק,10,O
130,מקודשת,10,O
130,[SEP],10,O
130,,10,O
131,[CLS],10,O
131,ד,1,B-AUT
131,##תוספות,10,O
131,"והרא""ש",1,B-AUT
131,[SEP],10,O
131,,10,O
132,[CLS],10,O
132,וכיון,10,O
132,שמחשב,10,O
132,##תו,10,O
132,קיימת,10,O
132,שאם,10,O
132,רוצה,10,O
132,לא,10,O
132,יחזיר,10,O
132,אין,10,O
132,קנין,10,O
132,הכסף,10,O
132,בטל,10,O
132,"ודו""ק",10,O
132,[SEP],10,O
132,,10,O
133,[CLS],10,O
133,כתב,10,O
133,הפני,1,B-AUT
133,משה,1.1,I-AUT
133,פרק,5,B-pCHP
133,ב,6,B-CHP
133,יבמות,4,B-SEC
133,הלכה,7,B-pSCHP
133,"י""א",8,B-SCHP
133,דבא,10,O
133,##יסור,10,O
133,אשת,10,O
133,איש,10,O
133,מיר,10,O
133,##תת,10,O
133,טפי,10,O
133,שיאמרו,10,O
133,בא,10,O
133,על,10,O
133,אשת,10,O
133,איש,10,O
133,[SEP],10,O
133,,10,O
134,[CLS],10,O
134,הלוא,10,O
134,בקצות,2,B-BOK
134,החושן,2.1,I-BOK
134,סימן,10,O
134,ערב,10,O
134,ראש,10,O
134,השנה,10,O
134,הוכיח,10,O
134,שאם,10,O
134,עשה,10,O
134,שליח,10,O
134,בנכסי,10,O
134,הגר,10,O
134,לבנות,10,O
134,והשלי,10,O
134,##ח,10,O
134,חשב,10,O
134,שהם,10,O
134,של,10,O
134,משלח,10,O
134,קנה,10,O
134,דמצ,10,O
134,##ר,10,O
134,##פין,10,O
134,מעשה,10,O
134,שליח,10,O
134,עם,10,O
134,כוונת,10,O
134,המשלח,10,O
134,[SEP],10,O
134,,10,O
135,[CLS],10,O
135,ועל,10,O
135,כן,10,O
135,שפיר,10,O
135,אמר,10,O
135,"הרמ""א",1,B-AUT
135,דת,10,O
135,##רי,10,O
135,ותר,10,O
135,##י,10,O
135,בדר,10,O
135,##בנן,10,O
135,אוקי,10,O
135,אחזקת,10,O
135,היתר,10,O
135,[SEP],10,O
135,,10,O
136,[CLS],10,O
136,אך,10,O
136,הדבר,10,O
136,יובן,10,O
136,על,10,O
136,פי,10,O
136,מה,10,O
136,שכתב,10,O
136,"רמב""ן",1,B-AUT
136,במלחמות,2,B-BOK
136,פרק,5,B-pCHP
136,קמא,6,B-CHP
136,ד,4,B-SEC
136,##גיטין,10,O
136,בהא,10,O
136,דב,10,O
136,##דבר,10,O
136,שיש,10,O
136,קצת,10,O
136,חוב,10,O
136,אינו,10,O
136,מועיל,10,O
136,שלא,10,O
136,בפניו,10,O
136,[SEP],10,O
136,,10,O
137,[CLS],10,O
137,הנה,10,O
137,ראייתו,10,O
137,משלהי,10,O
137,יבמות,2,B-BOK
137,דק,10,O
137,##יי,10,O
137,##מא,10,O
137,לן,10,O
137,אין,10,O
137,בודקי,10,O
137,##ן,10,O
137,עיד,10,O
137,##י,10,O
137,נשים,10,O
137,בדרישה,10,O
137,וחקירה,10,O
137,[SEP],10,O
137,,10,O
138,[CLS],10,O
138,וכן,10,O
138,הוא,10,O
138,ב,1,B-AUT
138,"##רמ""א",10,O
138,ריש,10,O
138,סימן,5,B-pCHP
138,"מ""ב",6,B-CHP
138,[SEP],10,O
138,,10,O
139,[CLS],10,O
139,לית,10,O
139,##א,10,O
139,דמפ,10,O
139,##ורש,10,O
139,במלחמות,2,B-BOK
139,וב,2,B-BOK
139,##חידושי,10,O
139,"הר""ן",2.1,I-BOK
139,דת,10,O
139,##רי,10,O
139,בעל,10,O
139,כאשת,10,O
139,##ו,10,O
139,מתורת,10,O
139,משה,10,O
139,לא,10,O
139,למדנו,10,O
139,ואינו,10,O
139,אלא,10,O
139,מדרבנן,10,O
139,[SEP],10,O
139,,10,O
140,[CLS],10,O
140,רק,10,O
140,עיקר,10,O
140,דין,10,O
140,קורב,10,O
140,##ה,10,O
140,שעל,10,O
140,ידי,10,O
140,אישות,10,O
140,שהוא,10,O
140,דאורייתא,10,O
140,זה,10,O
140,אינו,10,O
140,מפורש,10,O
140,בגמרא,2,B-BOK
140,רק,10,O
140,שאנו,10,O
140,סומ,10,O
140,##כין,10,O
140,על,10,O
140,"הרמב""ן",1,B-AUT
140,והבא,10,O
140,##ים,10,O
140,אחריו,10,O
140,שהוא,10,O
140,דאורייתא,10,O
140,[SEP],10,O
140,,10,O
141,[CLS],10,O
141,ואף,10,O
141,שבב,2,B-BOK
141,##בא,10,O
141,מציעא,2.1,I-BOK
141,(,10,O
141,ח',6,B-CHP
141,),10,O
141,שותפי,10,O
141,##ן,10,O
141,שגנבו,10,O
141,חייבין,10,O
141,ופירשו,10,O
141,שהגב,10,O
141,##יה,10,O
141,האחד,10,O
141,לדעתו,10,O
141,ולדעת,10,O
141,חבירו,10,O
141,[SEP],10,O
141,,10,O
142,[CLS],10,O
142,ואפילו,10,O
142,בחל,10,O
142,שמיני,10,O
142,שלה,10,O
142,בערב,10,O
142,שבת,10,O
142,שייכים,10,O
142,טעמים,10,O
142,אלו,10,O
142,מדרבנן,10,O
142,וקשה,10,O
142,לי,10,O
142,[SEP],10,O
142,,10,O
143,[CLS],10,O
143,הרי,10,O
143,מפורש,10,O
143,שם,10,O
143,"ברמב""ם",1,B-AUT
143,פרק,5,B-pCHP
143,ו',6,B-CHP
143,הלכה,7,B-pSCHP
143,"ט""ו",8,B-SCHP
143,דאף,10,O
143,שאחת,10,O
143,ודאי,10,O
143,היתר,10,O
143,[SEP],10,O
143,,10,O
144,[CLS],10,O
144,וה,1,B-AUT
144,"##רשב""א",10,O
144,לשיטתו,10,O
144,ביבמות,2,B-BOK
144,דלא,10,O
144,הוה,10,O
144,ליה,10,O
144,כרשות,10,O
144,הרבים,10,O
144,וחופ,10,O
144,##ה,10,O
144,אינו,10,O
144,קונה,10,O
144,[SEP],10,O
144,,10,O
145,[CLS],10,O
145,וידוע,10,O
145,דברי,10,O
145,רבינו,1,B-AUT
145,יונה,1.1,I-AUT
145,בטעם,10,O
145,חומר,10,O
145,אשם,10,O
145,תלוי,10,O
145,בכסף,10,O
145,שקלים,10,O
145,על,10,O
145,חטאת,10,O
145,בת,10,O
145,דנק,10,O
145,##א,10,O
145,משום,10,O
145,שחטא,10,O
145,##ת,10,O
145,נודע,10,O
145,לו,10,O
145,שחטא,10,O
145,ועושה,10,O
145,תשובה,10,O
145,[SEP],10,O
145,,10,O
146,[CLS],10,O
146,וכתוב,10,O
146,##ה,10,O
146,שיעבוד,10,O
146,קרקע,10,O
146,וכמו,10,O
146,שכתבו,10,O
146,התוספות,1,B-AUT
146,יבמות,2,B-BOK
146,(,10,O
146,מאה,10,O
146,ושלושה,10,O
146,עשר,10,O
146,עמוד,10,O
146,א',10,O
146,),10,O
146,דיבור,10,O
146,המתחיל,10,O
146,מאן,10,O
146,חכים,10,O
146,[SEP],10,O
146,,10,O
147,[CLS],10,O
147,גם,10,O
147,ראייתו,10,O
147,מתשובת,10,O
147,"ב""ח",1,B-AUT
147,נכונה,10,O
147,הוא,10,O
147,[SEP],10,O
147,,10,O
148,[CLS],10,O
148,דומה,10,O
148,למה,10,O
148,שכתב,10,O
148,הבית,1,B-AUT
148,יוסף,1.1,I-AUT
148,בחיים,10,O
148,שהכל,10,O
148,קורין,10,O
148,אותו,10,O
148,ביא,10,O
148,##בנט,10,O
148,דאם,10,O
148,כתוב,10,O
148,גם,10,O
148,שם,10,O
148,חיים,10,O
148,בגט,10,O
148,אינה,10,O
148,מגורשת,10,O
148,[SEP],10,O
148,,10,O
149,[CLS],10,O
149,ב,10,O
149,),10,O
149,(,10,O
149,השני,10,O
149,),10,O
149,דכ,10,O
149,##ת,10,O
149,##ב,10,O
149,"הר""ן",1,B-AUT
149,בחינת,10,O
149,בקושי,10,O
149,##ית,10,O
149,"הש""ס",2,B-BOK
149,שם,10,O
149,(,10,O
149,"ס""ה",6,B-CHP
149,עמוד,7,B-pSCHP
149,א',8,B-SCHP
149,),10,O
149,ממעש,10,O
149,##ר,10,O
149,שני,10,O
149,דה,10,O
149,##יכ,10,O
149,##א,10,O
149,דלע,10,O
149,##צמו,10,O
149,זוכה,10,O
149,מדאורייתא,10,O
149,לכול,10,O
149,##י,10,O
149,עלמא,10,O
149,יכול,10,O
149,לזכות,10,O
149,גם,10,O
149,לאחרים,10,O
149,[SEP],10,O
149,,10,O
150,[CLS],10,O
150,ולפי,10,O
150,זה,10,O
150,בשע,10,O
150,##וקרת,10,O
150,חיוב,10,O
150,מזונות,10,O
150,על,10,O
150,ידי,10,O
150,אמירת,10,O
150,אי,10,O
150,אפש,10,O
150,##י,10,O
150,לדעת,10,O
150,"הר""ן",1,B-AUT
150,שאינה,10,O
150,יכולה,10,O
150,לחזור,10,O
150,[SEP],10,O
150,,10,O
151,[CLS],10,O
151,דמ,10,O
151,##בוא,10,O
151,##ר,10,O
151,בבא,2,B-BOK
151,קמא,2.1,I-BOK
151,(,10,O
151,עשרים,6,B-CHP
151,ותשעה,6.1,I-CHP
151,עמוד,7,B-pSCHP
151,ב',8,B-SCHP
151,),10,O
151,דפ,10,O
151,##טור,10,O
151,[SEP],10,O
151,,10,O
152,[CLS],10,O
152,ובאמת,10,O
152,שבת,10,O
152,##שוב,10,O
152,##ת,10,O
152,דברי,2,B-BOK
152,אמת,2.1,I-BOK
152,כתב,10,O
152,דל,10,O
152,##דיד,10,O
152,##ן,10,O
152,שאין,10,O
152,כותבי,10,O
152,##ן,10,O
152,מקום,10,O
152,דירה,10,O
152,לא,10,O
152,יכתבו,10,O
152,גט,10,O
152,אם,10,O
152,אין,10,O
152,הבעל,10,O
152,והאשה,10,O
152,עומדים,10,O
152,שם,10,O
152,[SEP],10,O
152,,10,O
153,[CLS],10,O
153,ב,10,O
153,),10,O
153,אשר,10,O
153,נתקשה,10,O
153,סוטה,2,B-BOK
153,(,10,O
153,"כ""ד",6,B-CHP
153,עמוד,7,B-pSCHP
153,א',8,B-SCHP
153,),10,O
153,דבי,10,O
153,##ת,10,O
153,דין,10,O
153,מקני,10,O
153,##ן,10,O
153,לאשת,10,O
153,חרש,10,O
153,לאוס,10,O
153,##רה,10,O
153,על,10,O
153,בעלה,10,O
153,ותמ,10,O
153,##וה,10,O
153,לו,10,O
153,טובא,10,O
153,דהוא,10,O
153,אינו,10,O
153,מוזה,10,O
153,##ר,10,O
153,והיא,10,O
153,יודעת,10,O
153,ברי,10,O
153,שטה,10,O
153,##ורה,10,O
153,היא,10,O
153,עד,10,O
153,כאן,10,O
153,[SEP],10,O
153,,10,O
154,[CLS],10,O
154,כט,10,O
154,),10,O
154,אך,10,O
154,נראה,10,O
154,להוכיח,10,O
154,מהא,10,O
154,דכ,10,O
154,##ת,10,O
154,##ב,10,O
154,"הר""ן",1,B-AUT
154,ליישב,10,O
154,קושי,10,O
154,##ת,10,O
154,"הרא""ה",1,B-AUT
154,על,10,O
154,"הרמב""ן",1,B-AUT
154,דל,10,O
154,##מה,10,O
154,ליה,10,O
154,לרבי,1,B-AUT
154,יוסי,1.1,I-AUT
154,הטעם,10,O
154,משום,10,O
154,דמי,10,O
154,##לי,10,O
154,לא,10,O
154,מימ,10,O
154,##סר,10,O
154,##ן,10,O
154,לשליח,10,O
154,תיפ,10,O
154,##וק,10,O
154,ליה,10,O
154,דלא,10,O
154,שמע,10,O
154,מפי,10,O
154,הבעל,10,O
154,[SEP],10,O
154,,10,O
155,[CLS],10,O
155,יש,10,O
155,מקום,10,O
155,עיון,10,O
155,מהא,10,O
155,ד,2,B-BOK
155,##גיטין,10,O
155,(,3,B-pSEC
155,"י""ח",6,B-CHP
155,עמוד,7,B-pSCHP
155,א',8,B-SCHP
155,),10,O
155,דכ,10,O
155,##ת,10,O
155,##בו,10,O
155,ואנ,10,O
155,##חיה,10,O
155,בכיס,10,O
155,##תי,10,O
155,##ה,10,O
155,דאי,10,O
155,מפי,10,O
155,##יסה,10,O
155,תפ,10,O
155,##ייס,10,O
155,[SEP],10,O
155,,10,O
156,[CLS],10,O
156,וכתב,10,O
156,"הר""ן",1,B-AUT
156,דפ,10,O
156,##ליג,10,O
156,##י,10,O
156,דל,10,O
156,##ר,10,O
156,"##""י",10,O
156,לא,10,O
156,מהני,10,O
156,גדול,10,O
156,עומד,10,O
156,על,10,O
156,גבו,10,O
156,מידי,10,O
156,רק,10,O
156,הכל,10,O
156,תלוי,10,O
156,בשי,10,O
156,##יר,10,O
156,מקום,10,O
156,התור,10,O
156,##ף,10,O
156,[SEP],10,O
156,,10,O
157,[CLS],10,O
157,והיינו,10,O
157,קליטת,10,O
157,מעשר,10,O
157,שני,10,O
157,בירושלים,10,O
157,שכל,10,O
157,דבר,10,O
157,יש,10,O
157,לו,10,O
157,מקום,10,O
157,[SEP],10,O
157,,10,O
158,[CLS],10,O
158,ב,10,O
158,),10,O
158,הנה,10,O
158,דברי,10,O
158,התור,2,B-BOK
158,##ת,10,O
158,גיטין,2.1,I-BOK
158,פשוטים,10,O
158,וברורים,10,O
158,[SEP],10,O
158,,10,O
159,[CLS],10,O
159,לכיס,10,O
159,וכל,10,O
159,מה,10,O
159,שבתוכה,10,O
159,נת,10,O
159,##כוונה,10,O
159,[SEP],10,O
159,,10,O
160,[CLS],10,O
160,ד,10,O
160,),10,O
160,ועוד,10,O
160,דהא,10,O
160,כתב,10,O
160,"הרמב""ם",1,B-AUT
160,ונפסק,10,O
160,בשולחן,2,B-BOK
160,ערוך,2.1,I-BOK
160,בנות,10,O
160,##ן,10,O
160,גט,10,O
160,בלא,10,O
160,עיד,10,O
160,##י,10,O
160,חתימה,10,O
160,לשליח,10,O
160,להול,10,O
160,##כה,10,O
160,בלא,10,O
160,עיד,10,O
160,##י,10,O
160,מסירה,10,O
160,ונתנו,10,O
160,לה,10,O
160,בעיד,10,O
160,##י,10,O
160,מסירה,10,O
160,הוה,10,O
160,ספק,10,O
160,מגורשת,10,O
160,[SEP],10,O
160,,10,O
161,[CLS],10,O
161,הובא,10,O
161,"ב""",2,B-BOK
161,##י,10,O
161,סימן,5,B-pCHP
161,"כ""ז",5.1,I-pCHP
161,[SEP],10,O
161,,10,O
162,[CLS],10,O
162,ועיין,10,O
162,"ר""ן",1,B-AUT
162,נדרים,2,B-BOK
162,(,10,O
162,ו',6,B-CHP
162,עמוד,7,B-pSCHP
162,א',8,B-SCHP
162,),10,O
162,מה,10,O
162,שחילק,10,O
162,בין,10,O
162,אחו,10,O
162,##מדן,10,O
162,דעתי,10,O
162,##ה,10,O
162,ובין,10,O
162,הלשון,10,O
162,מוכח,10,O
162,ובין,10,O
162,הענין,10,O
162,מוכח,10,O
162,[SEP],10,O
162,,10,O
163,[CLS],10,O
163,מכתב,10,O
163,##כם,10,O
163,השלישי,10,O
163,הגיע,10,O
163,##ני,10,O
163,ושם,10,O
163,נאמר,10,O
163,כי,10,O
163,יען,10,O
163,לא,10,O
163,השיבו,10,O
163,##תי,10,O
163,אתכם,10,O
163,על,10,O
163,מכתב,10,O
163,##כם,10,O
163,השני,10,O
163,חשבתם,10,O
163,שאני,10,O
163,מסכים,10,O
163,עמכם,10,O
163,[SEP],10,O
163,,10,O
164,[CLS],10,O
164,וב,2,B-BOK
164,##כתובות,10,O
164,(,10,O
164,"ל""ג",6,B-CHP
164,עמוד,7,B-pSCHP
164,א',8,B-SCHP
164,),10,O
164,דמ,10,O
164,##קשה,10,O
164,ונתר,10,O
164,##י,10,O
164,ביה,10,O
164,תוך,10,O
164,כדי,10,O
164,דיבור,10,O
164,אף,10,O
164,דה,10,O
164,##תר,10,O
164,##אה,10,O
164,בשעת,10,O
164,אכילת,10,O
164,איסור,10,O
164,בעינן,10,O
164,[SEP],10,O
164,,10,O
165,[CLS],10,O
165,הובא,10,O
165,"ב""",2,B-BOK
165,##י,10,O
165,סימן,5,B-pCHP
165,קל,6,B-CHP
165,"##""ד",10,O
165,[SEP],10,O
165,,10,O
166,[CLS],10,O
166,דלע,10,O
166,##נין,10,O
166,איסור,10,O
166,עד,10,O
166,אחד,10,O
166,נאמן,10,O
166,דהוא,10,O
166,איסור,10,O
166,לבד,10,O
166,כמו,10,O
166,שכתב,10,O
166,בתשובה,10,O
166,רשב,1,B-AUT
166,"##""א",10,O
166,"הנ""ל",10,O
166,[SEP],10,O
166,,10,O
167,[CLS],10,O
167,ותיר,10,O
167,##צו,10,O
167,"הרא""ש",1,B-AUT
167,והר,1,B-AUT
167,"##""ן",10,O
167,דס,10,O
167,##ופר,10,O
167,הכותב,10,O
167,טופסי,10,O
167,גיטין,10,O
167,שכיח,10,O
167,טובא,10,O
167,ואם,10,O
167,נכש,10,O
167,##יר,10,O
167,בזה,10,O
167,כולם,10,O
167,יעשו,10,O
167,כן,10,O
167,[SEP],10,O
167,,10,O
168,[CLS],10,O
168,וכן,10,O
168,הוא,10,O
168,"בש""ס",2,B-BOK
168,גיטין,4,B-SEC
168,(,10,O
168,ה',6,B-CHP
168,עמוד,7,B-pSCHP
168,ב',8,B-SCHP
168,),10,O
168,בלא,10,O
168,אמר,10,O
168,בפני,10,O
168,נכתב,10,O
168,ובפני,10,O
168,נחתם,10,O
168,דל,1,B-AUT
168,##רבי,10,O
168,מאיר,1.1,I-AUT
168,הוולד,10,O
168,ממזר,10,O
168,ולרב,1,B-AUT
168,##נן,10,O
168,הוולד,10,O
168,כשר,10,O
168,[SEP],10,O
168,,10,O
169,[CLS],10,O
169,"מ""מ",10,O
169,ליישב,10,O
169,דברי,10,O
169,רא,1,B-AUT
169,"##""ש",10,O
169,ביצה,4,B-SEC
169,ומהר,1,B-AUT
169,##ש,10,O
169,"##""ל",10,O
169,כתבו,10,O
169,כרת,1,B-AUT
169,##י,10,O
169,ופל,1,B-AUT
169,##תי,10,O
169,ופרי,1,B-AUT
169,מגדים,1.1,I-AUT
169,סימן,5,B-pCHP
169,"ט""ז",6,B-CHP
169,דמי,10,O
169,##עו,10,O
169,##ט,10,O
169,מתרסק,10,O
169,##ים,10,O
169,[SEP],10,O
169,,10,O
170,[CLS],10,O
170,ואף,10,O
170,דהר,1,B-AUT
170,"##מ""א",10,O
170,פסק,10,O
170,שבדיעבד,10,O
170,אם,10,O
170,לא,10,O
170,קראו,10,O
170,הגט,10,O
170,אם,10,O
170,נשאת,10,O
170,לא,10,O
170,תצא,10,O
170,[SEP],10,O
170,,10,O
171,[CLS],10,O
171,ודומה,10,O
171,להא,10,O
171,דיב,2,B-BOK
171,##מות,10,O
171,(,10,O
171,"מ""ד",6,B-CHP
171,עמוד,7,B-pSCHP
171,ב',8,B-SCHP
171,),10,O
171,בחיי,10,O
171,##בי,10,O
171,כריתות,10,O
171,לרבי,1,B-AUT
171,יהושע,1.1,I-AUT
171,דמו,10,O
171,##דה,10,O
171,שהו,10,O
171,##ולד,10,O
171,פגום,10,O
171,מקל,10,O
171,וחומר,10,O
171,דאל,10,O
171,##מנה,10,O
171,לכהן,10,O
171,גדול,10,O
171,[SEP],10,O
171,,10,O
172,[CLS],10,O
172,שהרי,10,O
172,"הר""ן",1,B-AUT
172,פרק,5,B-pCHP
172,קמא,6,B-CHP
172,דק,2,B-BOK
172,##ידושין,10,O
172,דצ,10,O
172,##ריך,10,O
172,לדבר,10,O
172,עם,10,O
172,המתג,10,O
172,##רש,10,O
172,##ת,10,O
172,[SEP],10,O
172,,10,O
173,[CLS],10,O
173,מביאה,10,O
173,שניה,10,O
173,ואילך,10,O
173,חלל,10,O
173,כמו,10,O
173,שכתב,10,O
173,"הרמב""ם",1,B-AUT
173,פרק,5,B-pCHP
173,"י""ט",6,B-CHP
173,מהלכות,3,B-pSEC
173,איסורי,4,B-SEC
173,ביאה,4.1,I-SEC
173,הלכה,7,B-pSCHP
173,ה',8,B-SCHP
173,ואיכ,10,O
173,##א,10,O
173,גם,10,O
173,ביב,10,O
173,##מה,10,O
173,מעלת,10,O
173,יוחסין,10,O
173,[SEP],10,O
173,,10,O
174,[CLS],10,O
174,דהנה,10,O
174,בתוספות,1,B-AUT
174,כתובות,4,B-SEC
174,(,10,O
174,עמוד,6,B-CHP
174,ב',7,B-pSCHP
174,עמוד,8,B-SCHP
174,ב',10,O
174,),10,O
174,הקשו,10,O
174,בהא,10,O
174,דק,10,O
174,##יד,10,O
174,##ש,10,O
174,סתם,10,O
174,בעי,10,O
174,##א,10,O
174,גט,10,O
174,למה,10,O
174,גזרו,10,O
174,ארוסה,10,O
174,בת,10,O
174,ישראל,10,O
174,שלא,10,O
174,תאכל,10,O
174,בתרומה,10,O
174,משום,10,O
174,סמפ,10,O
174,##ון,10,O
174,ותירץ,10,O
174,בשיטה,2,B-BOK
174,מקוב,2.1,I-BOK
174,##צת,10,O
174,בשם,10,O
174,ריב,1,B-AUT
174,"##""ש",10,O
174,ומהר,1,B-AUT
174,##י,10,O
174,"##""ט",10,O
174,דב,10,O
174,##מומי,10,O
174,##ן,10,O
174,הגדולים,10,O
174,שבאי,10,O
174,##ש,10,O
174,כופין,10,O
174,להוציא,10,O
174,אין,10,O
174,ספק,10,O
174,כלל,10,O
174,והוי,10,O
174,מקח,10,O
174,טעות,10,O
174,ודאי,10,O
174,עיין,10,O
174,שם,10,O
174,[SEP],10,O
174,,10,O
175,[CLS],10,O
175,ופש,10,O
175,##יט,10,O
175,##א,10,O
175,ליה,10,O
175,לכבוד,10,O
175,תורתו,10,O
175,שכשם,10,O
175,בשנקר,10,O
175,##א,10,O
175,שואל,10,O
175,כתב,10,O
175,בטיב,2,B-BOK
175,גיטין,2.1,I-BOK
175,דכ,10,O
175,##ות,10,O
175,##בין,10,O
175,גם,10,O
175,שם,10,O
175,שואל,10,O
175,ומשום,10,O
175,דב,10,O
175,##מכו,10,O
175,##ון,10,O
175,שינו,10,O
175,שמו,10,O
175,דלא,10,O
175,מסמ,10,O
175,##נא,10,O
175,שם,10,O
175,שאול,10,O
175,[SEP],10,O
175,,10,O
176,[CLS],10,O
176,אך,10,O
176,זה,10,O
176,דווקא,10,O
176,בבית,10,O
176,דין,10,O
176,כמבואר,10,O
176,בגיטין,2,B-BOK
176,(,10,O
176,"פ""ח",6,B-CHP
176,עמוד,7,B-pSCHP
176,א',8,B-SCHP
176,),10,O
176,דמ,10,O
176,##קשה,10,O
176,מהא,10,O
176,דל,10,O
176,##פניה,10,O
176,##ם,10,O
176,ולא,10,O
176,לפני,10,O
176,הדיוטות,10,O
176,[SEP],10,O
176,,10,O
177,[CLS],10,O
177,ו,10,O
177,),10,O
177,מלבד,10,O
177,זה,10,O
177,אין,10,O
177,סברא,10,O
177,להכשיר,10,O
177,מחמת,10,O
177,שיטת,10,O
177,התוספות,1,B-AUT
177,מאחר,10,O
177,שברא,1,B-AUT
177,"##""ש",10,O
177,מפורש,10,O
177,להיפוך,10,O
177,ובשי,10,O
177,##טת,10,O
177,תוספות,1,B-AUT
177,נחלקו,10,O
177,האחרונים,10,O
177,[SEP],10,O
177,,10,O
178,[CLS],10,O
178,"מ""מ",10,O
178,שכתב,10,O
178,בטיב,2,B-BOK
178,גיטין,2.1,I-BOK
178,[SEP],10,O
178,,10,O
179,[CLS],10,O
179,ושוב,10,O
179,איכא,10,O
179,לעז,10,O
179,בלא,10,O
179,כתבו,10,O
179,כדברי,10,O
179,"הרא""ש",1,B-AUT
179,"הנ""ל",10,O
179,[SEP],10,O
179,,10,O
180,[CLS],10,O
180,ב,10,O
180,),10,O
180,גם,10,O
180,מה,10,O
180,שכתב,10,O
180,משום,10,O
180,שאין,10,O
180,ממזר,10,O
180,מקיד,10,O
180,##ושי,10,O
180,דרבנן,10,O
180,כמו,10,O
180,שכתב,10,O
180,"הרי""ף",1,B-AUT
180,פרק,5,B-pCHP
180,בית,8,B-SCHP
180,שמאי,8.1,I-SCHP
180,[SEP],10,O
180,,10,O
181,[CLS],10,O
181,וכבר,10,O
181,כתב,10,O
181,"הר""ן",1,B-AUT
181,במז,10,O
181,##כה,10,O
181,על,10,O
181,ידי,10,O
181,אחר,10,O
181,שדה,10,O
181,לחבירו,10,O
181,וקודם,10,O
181,שנודע,10,O
181,למקבל,10,O
181,צמחו,10,O
181,הפירות,10,O
181,הפירות,10,O
181,לנותן,10,O
181,[SEP],10,O
181,,10,O
182,[CLS],10,O
182,דומה,10,O
182,למה,10,O
182,שכתב,10,O
182,תוספות,1,B-AUT
182,גיטין,4,B-SEC
182,(,10,O
182,דף,5,B-pCHP
182,"ע""א",6,B-CHP
182,),10,O
182,בהא,10,O
182,דז,10,O
182,##ימ,10,O
182,##נין,10,O
182,דח,10,O
182,##זי,10,O
182,בכתב,10,O
182,##א,10,O
182,ואתו,10,O
182,ומס,10,O
182,##הד,10,O
182,##י,10,O
182,כו,10,O
182,',10,O
182,ואף,10,O
182,שאנחנו,10,O
182,לא,10,O
182,נדע,10,O
182,דח,10,O
182,##זי,10,O
182,בכתב,10,O
182,##א,10,O
182,וגם,10,O
182,האמת,10,O
182,כדברי,10,O
182,העדים,10,O
182,[SEP],10,O
182,,10,O
183,[CLS],10,O
183,א,10,O
183,),10,O
183,מה,10,O
183,שהקשה,10,O
183,על,10,O
183,"הרי""ף",1,B-AUT
183,פרק,5,B-pCHP
183,קמא,6,B-CHP
183,דגי,4,B-SEC
183,##טין,10,O
183,בפירוש,10,O
183,דלא,10,O
183,כרות,10,O
183,גיט,10,O
183,##א,10,O
183,באומר,10,O
183,חוץ,10,O
183,מקרקע,10,O
183,כל,10,O
183,שהוא,10,O
183,משום,10,O
183,שיש,10,O
183,זכות,10,O
183,לרב,10,O
183,בגט,10,O
183,[SEP],10,O
183,,10,O
184,[CLS],10,O
184,ולדי,10,O
184,##דן,10,O
184,דג,10,O
184,##רי,10,O
184,##רין,10,O
184,בתר,10,O
184,"רמ""א",1,B-AUT
184,הוי,10,O
184,ספיקא,10,O
184,דדי,10,O
184,##נא,10,O
184,גמור,10,O
184,כי,10,O
184,בעל,10,O
184,הלכות,2,B-BOK
184,גדולות,2.1,I-BOK
184,דיני,3,B-pSEC
184,גיטין,4,B-SEC
184,ורבינו,1,B-AUT
184,חננאל,1.1,I-AUT
184,ובעל,1,B-AUT
184,העיטור,1.1,I-AUT
184,ורמ,1,B-AUT
184,##ב,10,O
184,"##""ן",10,O
184,ותוספות,1,B-AUT
184,ורא,1.1,I-AUT
184,"##""ש",10,O
184,והטור,1,B-AUT
184,והר,1,B-AUT
184,"##""ן",10,O
184,[SEP],10,O
184,,10,O
185,[CLS],10,O
185,הכא,10,O
185,נמי,10,O
185,כיון,10,O
185,שנת,10,O
185,##בטל,10,O
185,השייכות,10,O
185,שהיה,10,O
185,לו,10,O
185,תחילה,10,O
185,בעודה,10,O
185,אשת,10,O
185,איש,10,O
185,דאורייתא,10,O
185,שוב,10,O
185,לא,10,O
185,מועיל,10,O
185,מה,10,O
185,שהיה,10,O
185,לו,10,O
185,שייכות,10,O
185,תחלה,10,O
185,[SEP],10,O
185,,10,O
186,[CLS],10,O
186,ו,10,O
186,),10,O
186,מה,10,O
186,שכתב,10,O
186,בתורת,2,B-BOK
186,גיטין,2.1,I-BOK
186,בטעם,10,O
186,כתיבת,10,O
186,מקום,10,O
186,עדים,10,O
186,משום,10,O
186,הזמן,10,O
186,בשעה,10,O
186,שכותב,10,O
186,##ין,10,O
186,הזמן,10,O
186,למלך,10,O
186,ובכל,10,O
186,עיר,10,O
186,למנין,10,O
186,שכבש,10,O
186,המלך,10,O
186,העיר,10,O
186,הזאת,10,O
186,[SEP],10,O
186,,10,O
187,[CLS],10,O
187,ובנ,10,O
187,##זקי,10,O
187,##ן,10,O
187,כה,10,O
187,"##""ג",10,O
187,חשוב,10,O
187,גרמא,10,O
187,מחלק,10,O
187,"הש""ס",2,B-BOK
187,דבש,10,O
187,##בת,10,O
187,מלאכת,10,O
187,מחשבת,10,O
187,אסרה,10,O
187,תורה,10,O
187,וכיון,10,O
187,דני,10,O
187,##חא,10,O
187,ליה,10,O
187,ברוח,10,O
187,המסייע,10,O
187,חייב,10,O
187,[SEP],10,O
187,,10,O
188,[CLS],10,O
188,ח,10,O
188,),10,O
188,עוד,10,O
188,אודי,10,O
188,##עהו,10,O
188,כי,10,O
188,עיקר,10,O
188,דברי,10,O
188,התב,2,B-BOK
188,##ואות,10,O
188,שור,2.1,I-BOK
188,שהוכיח,10,O
188,מרש,1,B-AUT
188,##ב,10,O
188,"##""א",10,O
188,דלא,10,O
188,בנפ,10,O
188,##ל,10,O
188,מידו,10,O
188,בלי,10,O
188,מעשה,10,O
188,דווקא,10,O
188,רק,10,O
188,אפילו,10,O
188,פתח,10,O
188,ידו,10,O
188,[SEP],10,O
188,,10,O
189,[CLS],10,O
189,ואפילו,10,O
189,לדעת,10,O
189,"הרמב""ם",1,B-AUT
189,דאפילו,10,O
189,בשאר,10,O
189,דברים,10,O
189,נחשב,10,O
189,לשוט,10,O
189,##ה,10,O
189,[SEP],10,O
189,,10,O
190,[CLS],10,O
190,רק,10,O
190,שתאמר,10,O
190,כיון,10,O
190,שבכל,10,O
190,גיטין,10,O
190,נכתבו,10,O
190,שני,10,O
190,השמות,10,O
190,תחילה,10,O
190,ובג,10,O
190,##ט,10,O
190,זה,10,O
190,נכתב,10,O
190,שם,10,O
190,שאול,10,O
190,לבד,10,O
190,בתחילה,10,O
190,איכא,10,O
190,לעז,10,O
190,[SEP],10,O
190,,10,O
191,[CLS],10,O
191,ז,10,O
191,),10,O
191,אך,10,O
191,ראיתי,10,O
191,להר,1,B-AUT
191,"##""ן",10,O
191,שפירש,10,O
191,קושיית,10,O
191,"הש""ס",2,B-BOK
191,משנים,10,O
191,ושלשה,10,O
191,ספרים,10,O
191,וזה,10,O
191,לשונו,10,O
191,כלומר,10,O
191,כיון,10,O
191,דלק,10,O
191,##צי,10,O
191,##צה,10,O
191,קאי,10,O
191,כק,10,O
191,##צוץ,10,O
191,דמי,10,O
191,וכן,10,O
191,הוא,10,O
191,בספר,2,B-BOK
191,התרומה,2.1,I-BOK
191,סוף,10,O
191,סימן,5,B-pCHP
191,ק,6,B-CHP
191,"##""י",10,O
191,עיין,10,O
191,שם,10,O
191,היטב,10,O
191,[SEP],10,O
191,,10,O
192,[CLS],10,O
192,ואני,10,O
192,אומר,10,O
192,שאין,10,O
192,ראיה,10,O
192,מהרא,1,B-AUT
192,"##""ש",10,O
192,כלל,10,O
192,[SEP],10,O
192,,10,O
193,[CLS],10,O
193,ג,10,O
193,),10,O
193,ועיקר,10,O
193,דבריך,10,O
193,לריש,1,B-AUT
193,לקיש,1.1,I-AUT
193,גם,10,O
193,כן,10,O
193,לא,10,O
193,נתברר,10,O
193,##ו,10,O
193,דלכאורה,10,O
193,צריך,10,O
193,להבין,10,O
193,דברי,10,O
193,"רמב""ם",1,B-AUT
193,בשלי,10,O
193,##ח,10,O
193,הובאה,10,O
193,דכיון,10,O
193,שנחשב,10,O
193,כאלו,10,O
193,בא,10,O
193,לידה,10,O
193,מה,10,O
193,יועיל,10,O
193,תנא,10,O
193,##ה,10,O
193,שלא,10,O
193,תתג,10,O
193,##רש,10,O
193,רק,10,O
193,אחר,10,O
193,כך,10,O
193,אטו,10,O
193,בדי,10,O
193,##דה,10,O
193,הדבר,10,O
193,תלוי,10,O
193,[SEP],10,O
193,,10,O
194,[CLS],10,O
194,ולהר,1,B-AUT
194,"##מב""ם",10,O
194,כופין,10,O
194,אותו,10,O
194,לגרש,10,O
194,כל,10,O
194,שכן,10,O
194,בשי,10,O
194,##דו,10,O
194,##כין,10,O
194,והוא,10,O
194,הדין,10,O
194,בזה,10,O
194,דט,10,O
194,##ענה,10,O
194,מעליית,10,O
194,##א,10,O
194,הוא,10,O
194,שאינה,10,O
194,רוצה,10,O
194,להתע,10,O
194,##גן,10,O
194,זמן,10,O
194,רב,10,O
194,[SEP],10,O
194,,10,O
195,[CLS],10,O
195,ו,10,O
195,),10,O
195,ובעיקר,10,O
195,דברי,10,O
195,"רמב""ן",1,B-AUT
195,דמה,10,O
195,##ני,10,O
195,שליחות,10,O
195,על,10,O
195,כתיבה,10,O
195,בכתב,10,O
195,יד,10,O
195,הבעל,10,O
195,שחלקו,10,O
195,עליו,10,O
195,מתוספת,2,B-BOK
195,##א,10,O
195,פרק,5,B-pCHP
195,ב',5.1,I-pCHP
195,ולא,10,O
195,עוד,10,O
195,אלא,10,O
195,אפילו,10,O
195,כתב,10,O
195,בכתב,10,O
195,יד,10,O
195,ואמר,10,O
195,לסופר,10,O
195,כתוב,10,O
195,ולעד,10,O
195,##ים,10,O
195,חתו,10,O
195,##מו,10,O
195,פסול,10,O
195,עד,10,O
195,שישמעו,10,O
195,קולו,10,O
195,[SEP],10,O
195,,10,O
196,[CLS],10,O
196,ואף,10,O
196,"שהרמב""ם",1,B-AUT
196,התיר,10,O
196,באל,10,O
196,##ם,10,O
196,אם,10,O
196,כתב,10,O
196,בידו,10,O
196,כתבו,10,O
196,ותנו,10,O
196,גט,10,O
196,לאשתי,10,O
196,דקדק,10,O
196,בספר,10,O
196,מכתב,2,B-BOK
196,מאליה,2.1,I-BOK
196,##ו,10,O
196,מלשון,10,O
196,כתב,10,O
196,"""",10,O
196,בידו,10,O
196,"""",10,O
196,דהיינו,10,O
196,שכתב,10,O
196,בפני,10,O
196,השלוחים,10,O
196,והביא,10,O
196,שכן,10,O
196,דעת,10,O
196,ריא,1,B-AUT
196,"##""ז",10,O
196,[SEP],10,O
196,,10,O
197,[CLS],10,O
197,שהרי,10,O
197,על,10,O
197,כל,10,O
197,העו,10,O
197,##שין,10,O
197,מלאכה,10,O
197,מערב,10,O
197,שבת,10,O
197,והמלאכה,10,O
197,נעשית,10,O
197,בשבת,10,O
197,הקשה,10,O
197,הנימוק,2,B-BOK
197,##י,10,O
197,יוסף,2.1,I-BOK
197,בבא,4,B-SEC
197,קמא,4.1,I-SEC
197,פרק,5,B-pCHP
197,ג',6,B-CHP
197,שיהיה,10,O
197,אסור,10,O
197,שהרי,10,O
197,מכוחו,10,O
197,נעשית,10,O
197,בשבת,10,O
197,המלאכה,10,O
197,[SEP],10,O
197,,10,O
198,[CLS],10,O
198,בנ,10,O
198,##כרים,10,O
198,שלא,10,O
198,כדין,10,O
198,אפילו,10,O
198,ריח,10,O
198,הגט,10,O
198,אין,10,O
198,בו,10,O
198,ופירוש,10,O
198,"רש""י",1,B-AUT
198,דאין,10,O
198,לגזור,10,O
198,בזה,10,O
198,אטו,10,O
198,ישראל,10,O
198,כדין,10,O
198,דהוה,10,O
198,גזירה,10,O
198,לגז,10,O
198,##ירה,10,O
198,[SEP],10,O
198,,10,O
199,[CLS],10,O
199,מיהו,10,O
199,יש,10,O
199,לחלק,10,O
199,בזה,10,O
199,דשא,10,O
199,##ני,10,O
199,התם,10,O
199,שיוכל,10,O
199,לבוא,10,O
199,לידי,10,O
199,מכשול,10,O
199,במה,10,O
199,שלא,10,O
199,הודיעו,10,O
199,פעם,10,O
199,ראשון,10,O
199,אם,10,O
199,יחזיק,10,O
199,הטה,10,O
199,##רות,10,O
199,בחזקת,10,O
199,טהורים,10,O
199,[SEP],10,O
199,,10,O
200,[CLS],10,O
200,דל,10,O
200,##דעת,10,O
200,"הרמב""ן",1,B-AUT
200,כותב,10,O
200,בכתב,10,O
200,יד,10,O
200,לשליח,10,O
200,כשמע,10,O
200,השליח,10,O
200,מפיו,10,O
200,דמי,10,O
200,[SEP],10,O
200,,10,O
201,[CLS],10,O
201,היינו,10,O
201,שלא,10,O
201,יהיה,10,O
201,מחללי,10,O
201,שבת,10,O
201,ברצון,10,O
201,[SEP],10,O
201,,10,O
202,[CLS],10,O
202,"שו""ת",10,O
202,אבני,2,B-BOK
202,נזר,2.1,I-BOK
202,חלק,3,B-pSEC
202,אבן,4,B-SEC
202,העזר,4.1,I-SEC
202,סימן,5,B-pCHP
202,רד,6,B-CHP
202,בין,10,O
202,השמשות,10,O
202,יום,10,O
202,וערב,10,O
202,שבת,10,O
202,קדש,10,O
202,תצא,10,O
202,ח',10,O
202,אלול,10,O
202,שש,10,O
202,מאות,10,O
202,שישים,10,O
202,ושמונה,10,O
202,לפרט,10,O
202,קטן,10,O
202,פה,10,O
202,אטו,10,O
202,##וא,10,O
202,##צק,10,O
202,[SEP],10,O
202,,10,O
203,[CLS],10,O
203,ולר,1,B-AUT
203,"##ש""י",10,O
203,דאב,10,O
203,יכול,10,O
203,לקבל,10,O
203,לקט,10,O
203,##נה,10,O
203,נשואה,10,O
203,[SEP],10,O
203,,10,O
204,[CLS],10,O
204,ומשום,10,O
204,דה,10,O
204,##יו,10,O
204,##לד,10,O
204,##ת,10,O
204,לשבעה,10,O
204,לכול,10,O
204,##י,10,O
204,עלמא,10,O
204,יולדת,10,O
204,למק,10,O
204,##וט,10,O
204,##עים,10,O
204,כדאיתא,10,O
204,ביבמות,2,B-BOK
204,ובני,2,B-BOK
204,##דה,10,O
204,[SEP],10,O
204,,10,O
205,[CLS],10,O
205,י,10,O
205,),10,O
205,וקצת,10,O
205,ראיה,10,O
205,דר,1,B-AUT
205,"##מב""ן",10,O
205,כרי,1,B-AUT
205,"##טב""א",10,O
205,דלא,10,O
205,מסתבר,10,O
205,שיהיה,10,O
205,תלוי,10,O
205,בחדש,10,O
205,##י,10,O
205,שנה,10,O
205,שהרי,10,O
205,לענין,10,O
205,ווסת,10,O
205,##ות,10,O
205,כתב,10,O
205,"הרמב""ן",1,B-AUT
205,נמי,10,O
205,דלא,10,O
205,מסתבר,10,O
205,שיהיה,10,O
205,תלוי,10,O
205,בשיפור,10,O
205,##א,10,O
205,עיין,10,O
205,שם,10,O
205,[SEP],10,O
205,,10,O
206,[CLS],10,O
206,ומנין,10,O
206,שלא,10,O
206,יהיו,10,O
206,הדיינים,10,O
206,קרובים,10,O
206,זה,10,O
206,לזה,10,O
206,דיל,10,O
206,##פי,10,O
206,##נן,10,O
206,דיינים,10,O
206,מעדי,10,O
206,##ם,10,O
206,וטעם,10,O
206,שאם,10,O
206,הוז,10,O
206,##ם,10,O
206,אד,10,O
206,##חי,10,O
206,בגמרא,2,B-BOK
206,פרק,5,B-pCHP
206,זה,6,B-CHP
206,בורר,6.1,I-CHP
206,אלא,10,O
206,דה,10,O
206,##כל,10,O
206,בכלל,10,O
206,לא,10,O
206,יומת,10,O
206,##ו,10,O
206,אבות,10,O
206,על,10,O
206,בנים,10,O
206,[SEP],10,O
206,,10,O
207,[CLS],10,O
207,וקשה,10,O
207,מאי,10,O
207,שנא,10,O
207,מבעל,10,O
207,שאינו,10,O
207,נאמן,10,O
207,לומר,10,O
207,יש,10,O
207,לי,10,O
207,אחים,10,O
207,ותירץ,10,O
207,על,10,O
207,פי,10,O
207,דברי,10,O
207,"רמב""ן",1,B-AUT
207,בבא,4,B-SEC
207,בתרא,4.1,I-SEC
207,שהקשה,10,O
207,בדין,10,O
207,האומר,10,O
207,זה,10,O
207,בני,10,O
207,שנא,10,O
207,##מן,10,O
207,הואיל,10,O
207,בידו,10,O
207,לגרש,10,O
207,[SEP],10,O
207,,10,O
208,[CLS],10,O
208,ל,10,O
208,),10,O
208,אך,10,O
208,לא,10,O
208,היה,10,O
208,למראה,10,O
208,עיניו,10,O
208,חיה,10,O
208,ריט,1,B-AUT
208,##ב,10,O
208,"##""א",10,O
208,נדה,10,O
208,שלא,10,O
208,נתגלה,10,O
208,בימיו,10,O
208,וזה,10,O
208,לשונו,10,O
208,כתבו,10,O
208,בתוספות,1,B-AUT
208,דה,10,O
208,##שתא,10,O
208,אין,10,O
208,אנו,10,O
208,צריכין,10,O
208,בדיקות,10,O
208,הגו,10,O
208,##מות,10,O
208,אלא,10,O
208,דכל,10,O
208,שהגיע,10,O
208,לכלל,10,O
208,שנים,10,O
208,ויש,10,O
208,שם,10,O
208,רבו,10,O
208,##י,10,O
208,שערות,10,O
208,או,10,O
208,שערות,10,O
208,ארוכות,10,O
208,אין,10,O
208,לבדוק,10,O
208,יותר,10,O
208,דמ,10,O
208,##סת,10,O
208,##מא,10,O
208,יש,10,O
208,שם,10,O
208,גומות,10,O
208,עד,10,O
208,כאן,10,O
208,לשונו,10,O
208,[SEP],10,O
208,,10,O
209,[CLS],10,O
209,גם,10,O
209,הריבוי,10,O
209,שערות,10,O
209,אף,10,O
209,שמק,10,O
209,##צתם,10,O
209,אין,10,O
209,בהם,10,O
209,כדי,10,O
209,כפי,10,O
209,##פה,10,O
209,ובלעד,10,O
209,##ם,10,O
209,לא,10,O
209,ישארו,10,O
209,ריבוי,10,O
209,שערות,10,O
209,מכל,10,O
209,מקום,10,O
209,חזי,10,O
209,לאצ,10,O
209,##טרופי,10,O
209,דעת,10,O
209,"הב""ח",1,B-AUT
209,דברי,10,O
209,##בוי,10,O
209,שערות,10,O
209,אפילו,10,O
209,אין,10,O
209,בהם,10,O
209,כדי,10,O
209,כפי,10,O
209,##פה,10,O
209,שפיר,10,O
209,דמי,10,O
209,[SEP],10,O
209,,10,O
210,[CLS],10,O
210,ואף,10,O
210,על,10,O
210,גב,10,O
210,דעל,10,O
210,ידי,10,O
210,הקנין,10,O
210,נעשית,10,O
210,עבודה,10,O
210,זרה,10,O
210,של,10,O
210,ישראל,10,O
210,נחשב,10,O
210,הקנין,10,O
210,בע,10,O
210,"##""ז",10,O
210,של,10,O
210,גוי,10,O
210,כמו,10,O
210,שהיתה,10,O
210,קודם,10,O
210,הקנין,10,O
210,[SEP],10,O
210,,10,O
211,[CLS],10,O
211,יד,10,O
211,),10,O
211,ולי,10,O
211,נראה,10,O
211,ליישב,10,O
211,על,10,O
211,פי,10,O
211,דברי,10,O
211,"הש""ס",2,B-BOK
211,(,10,O
211,"מ""א",6,B-CHP
211,עמוד,7,B-pSCHP
211,ב',8,B-SCHP
211,),10,O
211,בהא,10,O
211,דאין,10,O
211,היב,10,O
211,##מה,10,O
211,חולצת,10,O
211,בתוך,10,O
211,שלשה,10,O
211,חדשים,10,O
211,משום,10,O
211,דאינו,10,O
211,עולה,10,O
211,ליבו,10,O
211,##ם,10,O
211,וכתב,10,O
211,"רש""י",1,B-AUT
211,וכל,10,O
211,הני,10,O
211,דת,10,O
211,##נן,10,O
211,חולצות,10,O
211,ולא,10,O
211,מתיי,10,O
211,##במ,10,O
211,##ות,10,O
211,היכי,10,O
211,דלא,10,O
211,אפשר,10,O
211,אלמא,10,O
211,חליצה,10,O
211,הוא,10,O
211,[SEP],10,O
211,,10,O
212,[CLS],10,O
212,דא,10,O
212,##חרי,10,O
212,אשר,10,O
212,הוט,10,O
212,##מאה,10,O
212,לרבות,10,O
212,הסוטה,10,O
212,[SEP],10,O
212,,10,O
213,[CLS],10,O
213,ועיין,10,O
213,דברי,10,O
213,"ראב""ד",1,B-AUT
213,עירובין,4,B-SEC
213,בהנה,10,O
213,##ו,10,O
213,דאינו,10,O
213,יכול,10,O
213,ליטל,10,O
213,##ן,10,O
213,משום,10,O
213,שבות,10,O
213,דל,1,B-AUT
213,##רבי,10,O
213,דס,10,O
213,##ביר,10,O
213,##א,10,O
213,ליה,10,O
213,לא,10,O
213,גזרו,10,O
213,על,10,O
213,השבות,10,O
213,בין,10,O
213,השמשות,10,O
213,העירוב,10,O
213,כשר,10,O
213,וכתב,10,O
213,"הראב""ד",1,B-AUT
213,[SEP],10,O
213,,10,O
214,[CLS],10,O
214,והא,10,O
214,בגיטין,2,B-BOK
214,(,10,O
214,פרק,5,B-pCHP
214,ה',6,B-CHP
214,עמוד,7,B-pSCHP
214,א',8,B-SCHP
214,),10,O
214,במשי,10,O
214,##יר,10,O
214,חוץ,10,O
214,מעבד,10,O
214,וגוי,10,O
214,שאין,10,O
214,תופס,10,O
214,##ין,10,O
214,להם,10,O
214,קידושין,10,O
214,לא,10,O
214,הוי,10,O
214,שיור,10,O
214,[SEP],10,O
214,,10,O
215,[CLS],10,O
215,וכבודו,10,O
215,הקשה,10,O
215,מהא,10,O
215,דמ,10,O
215,##קשה,10,O
215,בגיטין,2,B-BOK
215,(,10,O
215,ע',6,B-CHP
215,עמוד,7,B-pSCHP
215,ב,8,B-SCHP
215,),10,O
215,לרבי,1,B-AUT
215,יוחנן,1.1,I-AUT
215,דאמר,10,O
215,בממ,10,O
215,##נה,10,O
215,שליח,10,O
215,לכתוב,10,O
215,ואחז,10,O
215,##ו,10,O
215,קורד,10,O
215,##יי,10,O
215,##קוס,10,O
215,אין,10,O
215,כותבי,10,O
215,##ן,10,O
215,עד,10,O
215,שישת,10,O
215,##פה,10,O
215,[SEP],10,O
215,,10,O
216,[CLS],10,O
216,על,10,O
216,כן,10,O
216,צריכין,10,O
216,כל,10,O
216,היב,10,O
216,##מות,10,O
216,לחלוץ,10,O
216,[SEP],10,O
216,,10,O
217,[CLS],10,O
217,ב,10,O
217,),10,O
217,אך,10,O
217,יש,10,O
217,להביא,10,O
217,ראיה,10,O
217,מהר,1,B-AUT
217,"##מב""ם",10,O
217,שלא,10,O
217,כתב,10,O
217,כלל,10,O
217,הדין,10,O
217,דאצ,10,O
217,##רכו,10,O
217,##ה,10,O
217,חליצה,10,O
217,אף,10,O
217,שבוודאי,10,O
217,הדין,10,O
217,כן,10,O
217,וכן,10,O
217,"הרי""ף",1,B-AUT
217,הביאו,10,O
217,בהלכות,10,O
217,[SEP],10,O
217,,10,O
218,[CLS],10,O
218,טז,10,O
218,),10,O
218,"מ""מ",10,O
218,שיטת,10,O
218,"הריטב""א",1,B-AUT
218,וה,1,B-AUT
218,##נימוקי,10,O
218,יוסף,1.1,I-AUT
218,קשה,10,O
218,עלי,10,O
218,כת,10,O
218,##ור,10,O
218,##מוס,10,O
218,דאי,10,O
218,##ך,10,O
218,אפשר,10,O
218,לומר,10,O
218,למעוטי,10,O
218,סומ,10,O
218,##ים,10,O
218,היינו,10,O
218,בשני,10,O
218,עיניהם,10,O
218,דאם,10,O
218,כן,10,O
218,אין,10,O
218,כאן,10,O
218,דייני,10,O
218,חליצה,10,O
218,כלל,10,O
218,[SEP],10,O
218,,10,O
219,[CLS],10,O
219,וגדולה,10,O
219,מזה,10,O
219,בפירוש,10,O
219,הר,1,B-AUT
219,"##""ש",10,O
219,משא,1.1,I-AUT
219,##נץ,10,O
219,על,10,O
219,תורת,2,B-BOK
219,כהנים,2.1,I-BOK
219,דל,10,O
219,##שנות,10,O
219,מסכת,2,B-BOK
219,מגילה,2.1,I-BOK
219,הוא,10,O
219,מכלל,10,O
219,הזכירה,10,O
219,[SEP],10,O
219,,10,O
220,[CLS],10,O
220,ג,10,O
220,),10,O
220,וגדולה,10,O
220,מזה,10,O
220,"ברמב""ם",1,B-AUT
220,פרק,5,B-pCHP
220,"י""ט",6,B-CHP
220,מהלכות,3,B-pSEC
220,איסורי,4,B-SEC
220,ביאה,4.1,I-SEC
220,הלכה,7,B-pSCHP
220,ה',8,B-SCHP
220,כהן,10,O
220,שבא,10,O
220,על,10,O
220,זקוקה,10,O
220,ליבם,10,O
220,ונת,10,O
220,##עבר,10,O
220,##ה,10,O
220,מביאה,10,O
220,ראשונה,10,O
220,הוולד,10,O
220,כשר,10,O
220,ועש,10,O
220,##אה,10,O
220,זונה,10,O
220,[SEP],10,O
220,,10,O
221,[CLS],10,O
221,עיין,10,O
221,תוספות,1,B-AUT
221,בבא,4,B-SEC
221,קמא,4.1,I-SEC
221,(,10,O
221,"כ""ב",6,B-CHP
221,עמוד,7,B-pSCHP
221,ב',8,B-SCHP
221,),10,O
221,סוף,10,O
221,דיבור,10,O
221,המתחיל,10,O
221,חציו,10,O
221,[SEP],10,O
221,,10,O
222,[CLS],10,O
222,ג,10,O
222,),10,O
222,ואם,10,O
222,כן,10,O
222,הכא,10,O
222,נמי,10,O
222,לענין,10,O
222,עיד,10,O
222,##י,10,O
222,ידיעה,10,O
222,בלא,10,O
222,ראיה,10,O
222,כיון,10,O
222,דמה,10,O
222,##ני,10,O
222,בדיני,10,O
222,ממונות,10,O
222,כמבואר,10,O
222,בגמרא,2,B-BOK
222,שבועות,4,B-SEC
222,(,10,O
222,משנה,6,B-CHP
222,ו',6.1,I-CHP
222,עמוד,7,B-pSCHP
222,ב',8,B-SCHP
222,),10,O
222,ובטור,2,B-BOK
222,חושן,4,B-SEC
222,משפט,4.1,I-SEC
222,סימן,5,B-pCHP
222,צ',6,B-CHP
222,בשם,10,O
222,הרמ,1,B-AUT
222,"##""ה",10,O
222,[SEP],10,O
222,,10,O
223,[CLS],10,O
223,כגון,10,O
223,במכירת,10,O
223,קרקע,10,O
223,מפרש,10,O
223,"רמב""ם",1,B-AUT
223,דאפילו,10,O
223,אינו,10,O
223,שומע,10,O
223,לבד,10,O
223,לא,10,O
223,חשוב,10,O
223,בר,10,O
223,דעת,10,O
223,[SEP],10,O
223,,10,O
224,[CLS],10,O
224,לדעת,10,O
224,"רמב""ם",1,B-AUT
224,ושולחן,2,B-BOK
224,ערוך,2.1,I-BOK
224,באשת,10,O
224,כהן,10,O
224,אם,10,O
224,מת,10,O
224,הכהן,10,O
224,או,10,O
224,גירשה,10,O
224,אסורה,10,O
224,לאחרים,10,O
224,עד,10,O
224,שתחל,10,O
224,##וץ,10,O
224,[SEP],10,O
224,,10,O
225,[CLS],10,O
225,חזר,10,O
225,ונט,10,O
225,##מא,10,O
225,טומאה,10,O
225,קלה,10,O
225,וטב,10,O
225,##ל,10,O
225,בשניה,10,O
225,ועשה,10,O
225,טהר,10,O
225,##ות,10,O
225,אלו,10,O
225,ואלו,10,O
225,מונחות,10,O
225,הרי,10,O
225,אלו,10,O
225,מוכחות,10,O
225,[SEP],10,O
225,,10,O
226,[CLS],10,O
226,ג,10,O
226,),10,O
226,ועיקר,10,O
226,דברי,10,O
226,הרב,1,B-AUT
226,המגיד,1.1,I-AUT
226,נראה,10,O
226,לי,10,O
226,שאינו,10,O
226,רק,10,O
226,לדעת,10,O
226,"הרמב""ם",1,B-AUT
226,שם,10,O
226,הלכה,7,B-pSCHP
226,ו,8,B-SCHP
226,בב,10,O
226,##כור,10,O
226,שמי,10,O
226,##חה,10,O
226,מיח,10,O
226,##ה,10,O
226,[SEP],10,O
226,,10,O
227,[CLS],10,O
227,ומה,10,O
227,שנסת,10,O
227,##ייע,10,O
227,"הרא""ש",1,B-AUT
227,מהו,10,O
227,##א,10,O
227,אינו,10,O
227,יורש,10,O
227,אותם,10,O
227,הביא,10,O
227,הבית,2,B-BOK
227,מאיר,2.1,I-BOK
227,דברי,10,O
227,"רמב""ן",1,B-AUT
227,דשא,10,O
227,##ני,10,O
227,התם,10,O
227,שאם,10,O
227,אינו,10,O
227,בנו,10,O
227,של,10,O
227,זה,10,O
227,הוא,10,O
227,רחוק,10,O
227,ממנו,10,O
227,לגמרי,10,O
227,[SEP],10,O
227,,10,O
228,[CLS],10,O
228,וכן,10,O
228,פסק,10,O
228,"הרמב""ם",1,B-AUT
228,עיין,10,O
228,שם,10,O
228,וכל,10,O
228,שכן,10,O
228,דט,10,O
228,##ומאה,10,O
228,חשוב,10,O
228,מוסיף,10,O
228,על,10,O
228,איסור,10,O
228,זונה,10,O
228,הואיל,10,O
228,וטו,10,O
228,##מאה,10,O
228,גופיה,10,O
228,פוסל,10,O
228,בישראל,10,O
228,[SEP],10,O
228,,10,O
229,[CLS],10,O
229,וגם,10,O
229,שהמשנה,1,B-AUT
229,למלך,1.1,I-AUT
229,שם,10,O
229,כתב,10,O
229,בשם,10,O
229,"הרא""ש",1,B-AUT
229,דאם,10,O
229,טוענת,10,O
229,אנוס,10,O
229,##ה,10,O
229,הייתי,10,O
229,והוא,10,O
229,טוען,10,O
229,שפית,10,O
229,##ה,10,O
229,אותה,10,O
229,אם,10,O
229,היה,10,O
229,בעיר,10,O
229,אינה,10,O
229,יכולה,10,O
229,להשביע,10,O
229,##ו,10,O
229,היס,10,O
229,##ת,10,O
229,[SEP],10,O
229,,10,O
230,[CLS],10,O
230,דב,10,O
230,##ווד,10,O
230,##אי,10,O
230,לא,10,O
230,היו,10,O
230,עדים,10,O
230,בשעת,10,O
230,קינו,10,O
230,##י,10,O
230,אלא,10,O
230,שבג,2,B-BOK
230,##מרא,10,O
230,ריש,10,O
230,סוטה,4,B-SEC
230,אמרינן,10,O
230,לא,10,O
230,לי,10,O
230,##מא,10,O
230,לאית,10,O
230,##תי,10,O
230,##ה,10,O
230,בזמן,10,O
230,הזה,10,O
230,בינו,10,O
230,לבינה,10,O
230,אל,10,O
230,תסת,10,O
230,##רי,10,O
230,עם,10,O
230,איש,10,O
230,פלוני,10,O
230,דיל,10,O
230,##מא,10,O
230,קיימא,10,O
230,לן,10,O
230,כרבי,1,B-AUT
230,יוסי,1.1,I-AUT
230,בן ,1.1,I-AUT
230,רבי,1.1,I-AUT
230,יהודה,1.1,I-AUT
230,דאמר,10,O
230,קינו,10,O
230,##י,10,O
230,בפני,10,O
230,אחד,10,O
230,[SEP],10,O
230,,10,O
231,[CLS],10,O
231,וזה,10,O
231,תמוה,10,O
231,(,10,O
231,כמו,10,O
231,שכתב,10,O
231,שם,10,O
231,מוקף,10,O
231,),10,O
231,שהרי,10,O
231,"הרמב""ם",1,B-AUT
231,סוף,10,O
231,פרק,5,B-pCHP
231,"כ""ד",6,B-CHP
231,מהלכות,3,B-pSEC
231,אישות,4,B-SEC
231,דאמר,10,O
231,לה,10,O
231,בינו,10,O
231,לבינה,10,O
231,גאס,10,O
231,##רת,10,O
231,בזמן,10,O
231,הזה,10,O
231,[SEP],10,O
231,,10,O
232,[CLS],10,O
232,ואם,10,O
232,כן,10,O
232,במנחת,2,B-BOK
232,סוטה,2.1,I-BOK
232,דאיתא,10,O
232,בירושלמי,2,B-BOK
232,ריש,10,O
232,פרק,5,B-pCHP
232,היה,6,B-CHP
232,מביא,6.1,I-CHP
232,דמ,10,O
232,##נחת,10,O
232,סוטה,10,O
232,גם,10,O
232,כן,10,O
232,בעלה,10,O
232,מביא,10,O
232,עליה,10,O
232,חוץ,10,O
232,מדעתה,10,O
232,[SEP],10,O
232,,10,O
233,[CLS],10,O
233,והא,10,O
233,בשבת,2,B-BOK
233,(,10,O
233,דף,5,B-pCHP
233,"צ""ג",6,B-CHP
233,עמוד,7,B-pSCHP
233,ב',8,B-SCHP
233,),10,O
233,המוציא,10,O
233,אוכלין,10,O
233,בכלי,10,O
233,אם,10,O
233,היה,10,O
233,הכלי,10,O
233,צריך,10,O
233,לו,10,O
233,חייב,10,O
233,אף,10,O
233,על,10,O
233,הכלי,10,O
233,"ש""",10,O
233,##מ,10,O
233,אוכל,10,O
233,שני,10,O
233,זית,10,O
233,##י,10,O
233,חלב,10,O
233,בהעלם,10,O
233,אחת,10,O
233,חייב,10,O
233,שתים,10,O
233,היינו,10,O
233,סומ,10,O
233,##כוס,10,O
233,[SEP],10,O
233,,10,O
234,[CLS],10,O
234,ט,10,O
234,),10,O
234,על,10,O
234,כן,10,O
234,דינו,10,O
234,של,10,O
234,הב,1,B-AUT
234,"##""ש",10,O
234,תלוי,10,O
234,בחיל,10,O
234,##וק,10,O
234,לשון,10,O
234,שבין,10,O
234,"רש""י",1,B-AUT
234,לרי,1,B-AUT
234,"##טב""א",10,O
234,[SEP],10,O
234,,10,O
235,[CLS],10,O
235,וכן,10,O
235,בפצ,10,O
235,##וע,10,O
235,דכ,10,O
235,##ה,10,O
235,שהתחיל,10,O
235,החולי,10,O
235,בהבי,10,O
235,##צה,10,O
235,וסופו,10,O
235,להתקלקל,10,O
235,ולהנ,10,O
235,##טל,10,O
235,לגמרי,10,O
235,חשוב,10,O
235,כני,10,O
235,##טל,10,O
235,[SEP],10,O
235,,10,O
236,[CLS],10,O
236,וזה,10,O
236,לשון,10,O
236,המאירי,2,B-BOK
236,הובא,10,O
236,בשיטה,2,B-BOK
236,מקוב,2.1,I-BOK
236,##צת,10,O
236,בבא,4,B-SEC
236,קמא,4.1,I-SEC
236,(,10,O
236,דף,5,B-pCHP
236,עשרים,6,B-CHP
236,ואחת,6.1,I-CHP
236,עמוד,7,B-pSCHP
236,א',8,B-SCHP
236,),10,O
236,וכן,10,O
236,הסכימו,10,O
236,שבע,10,O
236,##נין,10,O
236,האיסור,10,O
236,##ין,10,O
236,מקבלין,10,O
236,העדות,10,O
236,שלא,10,O
236,בפני,10,O
236,בעל,10,O
236,דין,10,O
236,כגון,10,O
236,אם,10,O
236,באו,10,O
236,עדים,10,O
236,והעיד,10,O
236,##ו,10,O
236,שלא,10,O
236,בפניו,10,O
236,שנתק,10,O
236,##דשה,10,O
236,לפלוני,10,O
236,או,10,O
236,שנט,10,O
236,##מאו,10,O
236,טהר,10,O
236,##ותיו,10,O
236,שזכות,10,O
236,הוא,10,O
236,לו,10,O
236,להפריש,10,O
236,##ו,10,O
236,מאיסור,10,O
236,[SEP],10,O
236,,10,O
237,[CLS],10,O
237,ובנ,10,O
237,##זיר,10,O
237,אמרינן,10,O
237,מה,10,O
237,סוטה,10,O
237,בוע,10,O
237,##ל,10,O
237,ונב,10,O
237,##עלת,10,O
237,אף,10,O
237,כל,10,O
237,ספק,10,O
237,טומאה,10,O
237,ברשות,10,O
237,היחיד,10,O
237,דאיכא,10,O
237,בי,10,O
237,תרי,10,O
237,אבל,10,O
237,הכא,10,O
237,הא,10,O
237,הוי,10,O
237,תלת,10,O
237,##א,10,O
237,ואי,10,O
237,איתא,10,O
237,דאפילו,10,O
237,בנס,10,O
237,##תרה,10,O
237,עם,10,O
237,שנים,10,O
237,נאסר,10,O
237,##ת,10,O
237,גם,10,O
237,בשלשה,10,O
237,והיה,10,O
237,"ס""ט",10,O
237,טמא,10,O
237,[SEP],10,O
237,,10,O
238,[CLS],10,O
238,ומיי,10,O
238,##תי,10,O
238,דברי,10,O
238,רשב,1,B-AUT
238,"##""א",10,O
238,בשם,10,O
238,"ראב""ד",1,B-AUT
238,דוקא,10,O
238,עוף,10,O
238,שכל,10,O
238,כחו,10,O
238,בג,10,O
238,##פיו,10,O
238,[SEP],10,O
238,,10,O
239,[CLS],10,O
239,לומר,10,O
239,לך,10,O
239,כל,10,O
239,המחל,10,O
239,##ל,10,O
239,את,10,O
239,המועדות,10,O
239,כאילו,10,O
239,חיל,10,O
239,##ל,10,O
239,את,10,O
239,השבתות,10,O
239,[SEP],10,O
239,,10,O
240,[CLS],10,O
240,דמ,10,O
240,##זה,10,O
240,לא,10,O
240,מיירי,10,O
240,"רמב""ן",1,B-AUT
240,הוא,10,O
240,אחרים,10,O
240,שב,1,B-AUT
240,"##ר""ן",10,O
240,כלל,10,O
240,[SEP],10,O
240,,10,O
241,[CLS],10,O
241,שמאחר,10,O
241,שמבואר,10,O
241,בחש,2,B-BOK
241,##ן,10,O
241,משפט,2.1,I-BOK
241,דנ,10,O
241,##שת,10,O
241,##נה,10,O
241,צורת,10,O
241,האות,10,O
241,שהזכיר,10,O
241,"רמב""ן",1,B-AUT
241,היינו,10,O
241,שאין,10,O
241,תינוק,10,O
241,קורא,10,O
241,אותו,10,O
241,כתק,10,O
241,##נו,10,O
241,[SEP],10,O
241,,10,O
242,[CLS],10,O
242,ורא,1,B-AUT
242,"##נ""",10,O
242,##ח,10,O
242,(,10,O
242,סימן,5,B-pCHP
242,ע,6,B-CHP
242,"##""ו",10,O
242,),10,O
242,פקפק,10,O
242,באות,10,O
242,הנכתב,10,O
242,תוך,10,O
242,הנושאת,10,O
242,ונותנת,10,O
242,או,10,O
242,ג',10,O
242,לשיטת,10,O
242,"רמב""ן",1,B-AUT
242,[SEP],10,O
242,,10,O
243,[CLS],10,O
243,וחידוש,10,O
243,על,10,O
243,מהרש,1,B-AUT
243,"##""א",10,O
243,שם,10,O
243,שהקשה,10,O
243,על,10,O
243,הגמרא,2,B-BOK
243,ולא,10,O
243,נזכר,10,O
243,מדברי,10,O
243,ר,1,B-AUT
243,"##""ן",10,O
243,אלו,10,O
243,[SEP],10,O
243,,10,O
244,[CLS],10,O
244,ומה,10,O
244,שרצה,10,O
244,מעלתו,10,O
244,לומר,10,O
244,דרעי,10,O
244,עוף,10,O
244,הוא,10,O
244,מי,10,O
244,פירות,10,O
244,כמו,10,O
244,שכתב,10,O
244,"הרמב""ם",1,B-AUT
244,דאינו,10,O
244,מכשיר,10,O
244,[SEP],10,O
244,,10,O
245,[CLS],10,O
245,אך,10,O
245,מתוס,2,B-BOK
245,##פות,10,O
245,עירובין,4,B-SEC
245,אין,10,O
245,שום,10,O
245,ראיה,10,O
245,לזה,10,O
245,[SEP],10,O
245,,10,O
246,[CLS],10,O
246,ג,10,O
246,),10,O
246,והנה,10,O
246,בתוספות,2,B-BOK
246,סוכה,4,B-SEC
246,(,10,O
246,דף,5,B-pCHP
246,"י""א",6,B-CHP
246,עמוד,7,B-pSCHP
246,א',8,B-SCHP
246,),10,O
246,סוף,10,O
246,העמוד,10,O
246,דל,10,O
246,##שמה,10,O
246,בעי,10,O
246,מתחלה,10,O
246,ועד,10,O
246,סוף,10,O
246,[SEP],10,O
246,,10,O
247,[CLS],10,O
247,וכן,10,O
247,מצאתי,10,O
247,בירושלמי,2,B-BOK
247,פרק,5,B-pCHP
247,קמא,6,B-CHP
247,דמג,4,B-SEC
247,##ילה,10,O
247,[SEP],10,O
247,,10,O
248,[CLS],10,O
248,וקשה,10,O
248,לי,10,O
248,דהא,10,O
248,בעבודה,2,B-BOK
248,זרה,2.1,I-BOK
248,גופה,10,O
248,אמרינן,10,O
248,דאם,10,O
248,חפר,10,O
248,בה,10,O
248,בורות,10,O
248,שיחי,10,O
248,##ן,10,O
248,ומערות,10,O
248,אסרה,10,O
248,[SEP],10,O
248,,10,O
249,[CLS],10,O
249,ומצאתי,10,O
249,בתוספות,2,B-BOK
249,רבי,2.1,I-BOK
249,עקיבא,2.1,I-BOK
249,איגר,2.1,I-BOK
249,מגילה,4,B-SEC
249,(,10,O
249,אות,5,B-pCHP
249,י',6,B-CHP
249,),10,O
249,שהקשה,10,O
249,כן,10,O
249,והניח,10,O
249,בצרי,10,O
249,##ך,10,O
249,עיון,10,O
249,[SEP],10,O
249,,10,O
250,[CLS],10,O
250,"שו""ת",2,B-BOK
250,אבני,2.1,I-BOK
250,נזר,2.1,I-BOK
250,חלק,3,B-pSEC
250,אורח,4,B-SEC
250,חיים,4.1,I-SEC
250,סימן,5,B-pCHP
250,יא,6,B-CHP
250,בין,10,O
250,השמשות,10,O
250,יום,10,O
250,וערב,10,O
250,שבת,10,O
250,קדש,10,O
250,ויקרא,10,O
250,שש,10,O
250,מאות,10,O
250,שישים,10,O
250,ושניים,10,O
250,[SEP],10,O
250,,10,O
251,[CLS],10,O
251,ורמ,1,B-AUT
251,"##""א",10,O
251,לא,10,O
251,הגיה,10,O
251,עליו,10,O
251,כמו,10,O
251,שהג,10,O
251,##יה,10,O
251,באבן,2,B-BOK
251,העזר,2.1,I-BOK
251,[SEP],10,O
251,,10,O
252,[CLS],10,O
252,ג,10,O
252,),10,O
252,ועוד,10,O
252,יש,10,O
252,לדון,10,O
252,בעיקר,10,O
252,סברת,10,O
252,הפרי,1,B-AUT
252,מגדים,1.1,I-AUT
252,דאף,10,O
252,להס,10,O
252,##וברים,10,O
252,דאז,10,O
252,##לינן,10,O
252,בתר,10,O
252,יד,10,O
252,כהה,10,O
252,ומניח,10,O
252,תפילין,10,O
252,ביד,10,O
252,שכותב,10,O
252,וקושר,10,O
252,בשניה,10,O
252,ולא,10,O
252,דרי,10,O
252,##ש,10,O
252,מה,10,O
252,כתיבה,10,O
252,בימין,10,O
252,[SEP],10,O
252,,10,O
253,[CLS],10,O
253,בתוספות,2,B-BOK
253,בכורות,2,B-BOK
253,(,10,O
253,דף,5,B-pCHP
253,ט',6,B-CHP
253,),10,O
253,אין,10,O
253,דעתם,10,O
253,כן,10,O
253,[SEP],10,O
253,,10,O
254,[CLS],10,O
254,דהא,10,O
254,דבע,10,O
254,##י,10,O
254,עיבוד,10,O
254,לשמה,10,O
254,למאן,10,O
254,דאמר,10,O
254,הזמנה,10,O
254,מילתא,10,O
254,כתב,10,O
254,בחידושי,2,B-BOK
254,"הר""ן",2.1,I-BOK
254,בשם,10,O
254,"רש""י",1,B-AUT
254,כדי,10,O
254,שיק,10,O
254,##דש,10,O
254,העור,10,O
254,קודם,10,O
254,שחו,10,O
254,##פה,10,O
254,בו,10,O
254,התפילין,10,O
254,[SEP],10,O
254,,10,O
255,[CLS],10,O
255,לבית,1,B-AUT
255,הלל,1.1,I-AUT
255,דמ,10,O
255,##כשיר,10,O
255,סוכה,10,O
255,ישנה,10,O
255,[SEP],10,O
255,,10,O
256,[CLS],10,O
256,ודברי,10,O
256,"רשב""א",1,B-AUT
256,שכתב,10,O
256,וכל,10,O
256,שהוא,10,O
256,חוץ,10,O
256,למחנה,10,O
256,##ו,10,O
256,כל,10,O
256,שאינה,10,O
256,נראית,10,O
256,לו,10,O
256,ממש,10,O
256,מגולה,10,O
256,אין,10,O
256,אסור,10,O
256,[SEP],10,O
256,,10,O
257,[CLS],10,O
257,ומחלוקת,10,O
257,זה,10,O
257,אם,10,O
257,קטורת,10,O
257,בעי,10,O
257,##א,10,O
257,מלח,10,O
257,הוא,10,O
257,ב,1,B-AUT
257,##מנחות,10,O
257,(,10,O
257,דף,5,B-pCHP
257,כ',6,B-CHP
257,עמוד,7,B-pSCHP
257,א',8,B-SCHP
257,),10,O
257,מיית,10,O
257,##י,10,O
257,ברייתא,10,O
257,קטורת,10,O
257,טעון,10,O
257,מלח,10,O
257,[SEP],10,O
257,,10,O
258,[CLS],10,O
258,וראיתי,10,O
258,"לרמב""ם",1,B-AUT
258,שכתב,10,O
258,מור,10,O
258,שבשמ,10,O
258,##ן,10,O
258,המשחה,10,O
258,עם,10,O
258,וששה,10,O
258,עשר,10,O
258,[SEP],10,O
258,,10,O
259,[CLS],10,O
259,ואין,10,O
259,לומר,10,O
259,דה,1,B-AUT
259,"##ש""ס",10,O
259,מקשה,10,O
259,אה,10,O
259,##א,10,O
259,דיל,10,O
259,##יף,10,O
259,בכורים,10,O
259,משירה,10,O
259,שעל,10,O
259,זבח,10,O
259,כיון,10,O
259,דב,10,O
259,##זב,10,O
259,##ח,10,O
259,לא,10,O
259,היה,10,O
259,רק,10,O
259,על,10,O
259,יין,10,O
259,איך,10,O
259,נל,10,O
259,##מוד,10,O
259,בכורים,10,O
259,שלא,10,O
259,על,10,O
259,היין,10,O
259,[SEP],10,O
259,,10,O
260,[CLS],10,O
260,וב,1,B-AUT
260,##תוספות,10,O
260,ראש,10,O
260,השנה,10,O
260,(,10,O
260,דף,5,B-pCHP
260,ל',6,B-CHP
260,),10,O
260,דל,10,O
260,##כת,10,O
260,##חילה,10,O
260,יש,10,O
260,להביא,10,O
260,עם,10,O
260,הז,10,O
260,##בח,10,O
260,כדי,10,O
260,שיוכל,10,O
260,לומר,10,O
260,שירה,10,O
260,עיין,10,O
260,שם,10,O
260,[SEP],10,O
260,,10,O
261,[CLS],10,O
261,גם,10,O
261,מה,10,O
261,שהביא,10,O
261,ראיה,10,O
261,מדל,10,O
261,##א,10,O
261,פירש,10,O
261,"רש""י",1,B-AUT
261,אותו,10,O
261,יום,10,O
261,קודש,10,O
261,בכל,10,O
261,ראש,10,O
261,חודש,10,O
261,[SEP],10,O
261,,10,O
262,[CLS],10,O
262,ולדברי,10,O
262,התוספות,2,B-BOK
262,ישנים,2.1,I-BOK
262,יק,10,O
262,##דימו,10,O
262,המוסף,10,O
262,ויוכלו,10,O
262,להק,10,O
262,##טי,10,O
262,##ר,10,O
262,הבז,10,O
262,##יכי,10,O
262,##ן,10,O
262,בחמש,10,O
262,או,10,O
262,בשש,10,O
262,ויק,10,O
262,##דימו,10,O
262,התמיד,10,O
262,+,10,O
262,ואם,10,O
262,כן,10,O
262,היו,10,O
262,יכולין,10,O
262,לעשות,10,O
262,המוס,10,O
262,##פין,10,O
262,בכל,10,O
262,שבת,10,O
262,גם,10,O
262,כן,10,O
262,בבוקר,10,O
262,ויתק,10,O
262,##עו,10,O
262,על,10,O
262,תמיד,10,O
262,של,10,O
262,שחר,10,O
262,ומוס,10,O
262,##פין,10,O
262,ביחד,10,O
262,כמו,10,O
262,שתוק,10,O
262,##עין,10,O
262,על,10,O
262,כל,10,O
262,המוס,10,O
262,##פין,10,O
262,ביחד,10,O
262,[SEP],10,O
262,,10,O
263,[CLS],10,O
263,וזה,10,O
263,שכתב,10,O
263,"רש""י",1,B-AUT
263,ב,10,O
263,"##""ז",10,O
263,דא,10,O
263,##פסיק,10,O
263,הלכת,10,O
263,##א,10,O
263,בהחל,2,B-BOK
263,##יל,10,O
263,שיר,10,O
263,מעכב,10,O
263,הקרבן,10,O
263,[SEP],10,O
263,,10,O
264,[CLS],10,O
264,ועל,10,O
264,כן,10,O
264,לא,10,O
264,נזכר,10,O
264,בפסיקת,10,O
264,##א,10,O
264,דיו,10,O
264,##ם,10,O
264,טוב,10,O
264,שחל,10,O
264,בשבת,10,O
264,יביאו,10,O
264,אותם,10,O
264,שני,10,O
264,פעמים,10,O
264,[SEP],10,O
264,,10,O
265,[CLS],10,O
265,נגד,10,O
265,זה,10,O
265,שביעית,10,O
265,חמור,10,O
265,דלית,10,O
265,ליה,10,O
265,פדיון,10,O
265,[SEP],10,O
265,,10,O
266,[CLS],10,O
266,ג,10,O
266,),10,O
266,גם,10,O
266,אין,10,O
266,לפקפק,10,O
266,משום,10,O
266,שיש,10,O
266,גורסים,10,O
266,מדות,10,O
266,הם,10,O
266,שבחו,10,O
266,של,10,O
266,הקדוש,10,O
266,ברוך,10,O
266,הוא,10,O
266,ואסור,10,O
266,לספר,10,O
266,בשבחו,10,O
266,של,10,O
266,הקדוש,10,O
266,ברוך,10,O
266,הוא,10,O
266,[SEP],10,O
266,,10,O
267,[CLS],10,O
267,ואפילו,10,O
267,במדה,10,O
267,טובה,10,O
267,המרובה,10,O
267,אין,10,O
267,זכות,10,O
267,רק,10,O
267,מאב,10,O
267,לבנו,10,O
267,לא,10,O
267,לאחיו,10,O
267,כמו,10,O
267,שכתב,10,O
267,"מהר""ל",1,B-AUT
267,בגור,2,B-BOK
267,אריה,2.1,I-BOK
267,בראשית,4,B-SEC
267,"י""ט",6,B-CHP
267,פסוק,7,B-pSCHP
267,"כ""ט",8,B-SCHP
267,וזה,10,O
267,לשונו,10,O
267,דאי,10,O
267,משום,10,O
267,קרוביו,10,O
267,לא,10,O
267,מצינו,10,O
267,במדת,10,O
267,"השי""ת",10,O
267,רק,10,O
267,שזוכר,10,O
267,חסדי,10,O
267,אבות,10,O
267,על,10,O
267,בנו,10,O
267,שיצא,10,O
267,ממנו,10,O
267,אבל,10,O
267,לוט,10,O
267,בן,10,O
267,אחיו,10,O
267,לא,10,O
267,שייך,10,O
267,בזה,10,O
267,זכירה,10,O
267,[SEP],10,O
267,,10,O
268,יש,10,O
268,לומר,10,O
268,שהרי,10,O
268,צריך,10,O
268,לקדש,10,O
268,גם,10,O
268,יד,10,O
268,שמאל,10,O
268,אף,10,O
268,שפס,10,O
268,##ולה,10,O
268,לעבודה,10,O
268,אלא,10,O
268,משום,10,O
268,דש,10,O
268,##ני,10,O
268,ידים,10,O
268,חשובים,10,O
268,כאחת,10,O
268,ואינו,10,O
268,יכול,10,O
268,לקדש,10,O
268,יד,10,O
268,אחת,10,O
268,בלא,10,O
268,חברתה,10,O
268,[SEP],10,O
268,,10,O
269,[CLS],10,O
269,ד,10,O
269,),10,O
269,ונראה,10,O
269,דס,10,O
269,##ברת,10,O
269,"הט""ז",1,B-AUT
269,שהרי,10,O
269,אסור,10,O
269,לשמש,10,O
269,בבית,10,O
269,שיש,10,O
269,שם,10,O
269,ספרים,10,O
269,וכל,10,O
269,שכן,10,O
269,שאסור,10,O
269,בבית,10,O
269,שמדברים,10,O
269,שם,10,O
269,דברי,10,O
269,תורה,10,O
269,[SEP],10,O
269,,10,O
270,[CLS],10,O
270,ועיין,10,O
270,בשבת,2,B-BOK
270,(,10,O
270,דף,5,B-pCHP
270,ק,6,B-CHP
270,"##""ב",10,O
270,עמוד,7,B-pSCHP
270,ב',8,B-SCHP
270,),10,O
270,בעו,10,O
270,##שה,10,O
270,נקב,10,O
270,בלול,10,O
270,של,10,O
270,תרנגולים,10,O
270,רב,1,B-AUT
270,אמר,10,O
270,חייב,10,O
270,משום,10,O
270,בונה,10,O
270,[SEP],10,O
270,,10,O
271,[CLS],10,O
271,וכן,10,O
271,מהא,10,O
271,דס,2,B-BOK
271,##נהדרין,10,O
271,(,10,O
271,דף,5,B-pCHP
271,קי,6,B-CHP
271,"##""ג",10,O
271,עמוד,7,B-pSCHP
271,א',8,B-SCHP
271,),10,O
271,עיר,10,O
271,שיש,10,O
271,בה,10,O
271,מזוזה,10,O
271,אין,10,O
271,נעשית,10,O
271,עיר,10,O
271,הנד,10,O
271,##חת,10,O
271,משום,10,O
271,דכתיב,10,O
271,לא,10,O
271,תעשו,10,O
271,##ן,10,O
271,[SEP],10,O
271,,10,O
272,[CLS],10,O
272,ב,10,O
272,),10,O
272,והנה,10,O
272,נתי,10,O
272,##צה,10,O
272,בבית,10,O
272,הכנסת,10,O
272,או,10,O
272,בבית,10,O
272,המדרש,10,O
272,מבואר,10,O
272,"ברמב""ם",1,B-AUT
272,במנין,10,O
272,המצוות,10,O
272,לא,10,O
272,תעשה,10,O
272,"ס""ה",10,O
272,שהיא,10,O
272,דאורייתא,10,O
272,וראוי,10,O
272,לחוש,10,O
272,לרמ,1,B-AUT
272,##ב,10,O
272,"##""ן",10,O
272,[SEP],10,O
272,,10,O
273,[CLS],10,O
273,והוא,10,O
273,בהת,10,O
273,##בונן,10,O
273,בטעם,10,O
273,מהרי,1,B-AUT
273,"##""ק",10,O
273,וטעם,10,O
273,"ב""",1,B-AUT
273,##י,10,O
273,[SEP],10,O
273,,10,O
274,[CLS],10,O
274,י,10,O
274,),10,O
274,אייד,10,O
274,##י,10,O
274,דאי,10,O
274,##ירי,10,O
274,##נן,10,O
274,בדין,10,O
274,ריח,10,O
274,אין,10,O
274,בו,10,O
274,משום,10,O
274,מעילה,10,O
274,[SEP],10,O
274,,10,O
275,[CLS],10,O
275,חשוב,10,O
275,בשר,10,O
275,העגל,10,O
275,עצמו,10,O
275,שיעורו,10,O
275,גדול,10,O
275,כמבואר,10,O
275,פרק,5,B-pCHP
275,כל,6,B-CHP
275,המנחות,6.1,I-CHP
275,[SEP],10,O
275,,10,O
276,[CLS],10,O
276,אך,10,O
276,צריך,10,O
276,להבין,10,O
276,מנא,10,O
276,ליה,10,O
276,לרא,1,B-AUT
276,"##""ש",10,O
276,דתו,10,O
276,##דה,10,O
276,אינה,10,O
276,בהול,10,O
276,##כי,10,O
276,דרכים,10,O
276,[SEP],10,O
276,,10,O
277,[CLS],10,O
277,ד,10,O
277,),10,O
277,ובעיקר,10,O
277,דברי,10,O
277,"הרא""ש",1,B-AUT
277,דמש,10,O
277,##ום,10,O
277,דאי,10,O
277,##נם,10,O
277,מחויבים,10,O
277,אינו,10,O
277,יוצא,10,O
277,בלא,10,O
277,עניי,10,O
277,##ת,10,O
277,אמן,10,O
277,[SEP],10,O
277,,10,O
278,[CLS],10,O
278,אלא,10,O
278,ודאי,10,O
278,כדכתיב,10,O
278,##נא,10,O
278,דבא,10,O
278,##רים,10,O
278,אפילו,10,O
278,אמר,10,O
278,בפירוש,10,O
278,לעשות,10,O
278,בשבת,10,O
278,שרי,10,O
278,[SEP],10,O
278,,10,O
279,[CLS],10,O
279,"ברש""י",1,B-AUT
279,קהלת,4,B-SEC
279,ה',6,B-CHP
279,טעם,10,O
279,מצוה,10,O
279,מסויימת,10,O
279,כגון,10,O
279,בית,10,O
279,המקדש,10,O
279,ובית,10,O
279,הכנסת,10,O
279,וספר,10,O
279,תורה,10,O
279,עיין,10,O
279,שם,10,O
279,[SEP],10,O
279,,10,O
280,[CLS],10,O
280,וכבר,10,O
280,כתב,10,O
280,"הרשב""א",1,B-AUT
280,כי,10,O
280,לשון,10,O
280,"הש""ס",2,B-BOK
280,שבות,10,O
280,דלית,10,O
280,ביה,10,O
280,מעשה,10,O
280,מורה,10,O
280,כפירוש,10,O
280,הגאונים,1,B-AUT
280,[SEP],10,O
280,,10,O
281,[CLS],10,O
281,ובס,2,B-BOK
281,##וטה,10,O
281,סוף,10,O
281,פרק,5,B-pCHP
281,משוח,6,B-CHP
281,מלחמה,6.1,I-CHP
281,מלחמת,10,O
281,יהושע,10,O
281,לכ,10,O
281,##בש,10,O
281,דברי,10,O
281,הכל,10,O
281,חובה,10,O
281,[SEP],10,O
281,,10,O
282,[CLS],10,O
282,והבר,10,O
282,##יא,10,O
282,אלי,10,O
282,היה,10,O
282,עושה,10,O
282,בכל,10,O
282,כחו,10,O
282,לא,10,O
282,היה,10,O
282,צריך,10,O
282,לצירוף,10,O
282,וחש,10,O
282,##יב,10,O
282,לגבי,10,O
282,הבריא,10,O
282,לאו,10,O
282,אורחי,10,O
282,##ה,10,O
282,בשנים,10,O
282,ופטור,10,O
282,ונסת,10,O
282,##ייע,10,O
282,פירוש,10,O
282,"רש""י",1,B-AUT
282,[SEP],10,O
282,,10,O
283,[CLS],10,O
283,ובזה,10,O
283,אין,10,O
283,שום,10,O
283,חשש,10,O
283,איסור,10,O
283,תורה,10,O
283,מחמת,10,O
283,לע,10,O
283,##נוש,10,O
283,בשבת,10,O
283,[SEP],10,O
283,,10,O
284,[CLS],10,O
284,ובענין,10,O
284,"הט""ז",1,B-AUT
284,לאו,10,O
284,מקום,10,O
284,צער,10,O
284,##א,10,O
284,[SEP],10,O
284,,10,O
285,[CLS],10,O
285,רק,10,O
285,מפרש,10,O
285,כפ,10,O
285,##שטו,10,O
285,עשה,10,O
285,כן,10,O
285,בשבת,10,O
285,שאין,10,O
285,המלאכה,10,O
285,נגמרת,10,O
285,בשעת,10,O
285,עשיה,10,O
285,[SEP],10,O
285,,10,O
286,[CLS],10,O
286,וקצת,10,O
286,יש,10,O
286,להוכיח,10,O
286,מרא,1,B-AUT
286,"##""ש",10,O
286,באיסור,10,O
286,##ין,10,O
286,מבטל,10,O
286,##ין,10,O
286,זה,10,O
286,את,10,O
286,זה,10,O
286,לענין,10,O
286,לכתחילה,10,O
286,[SEP],10,O
286,,10,O
287,[CLS],10,O
287,ואמנם,10,O
287,לפיר,2,B-BOK
287,##ש,10,O
287,רבינו,1,B-AUT
287,גרשום,1.1,I-AUT
287,מאור,1.1,I-AUT
287,הגולה,1.1,I-AUT
287,בחולין,4,B-SEC
287,שם,10,O
287,שפירש,10,O
287,זרוע,10,O
287,מעיקרא,10,O
287,בהשר,10,O
287,##שה,10,O
287,כיון,10,O
287,דכתיב,10,O
287,הזרע,10,O
287,אשר,10,O
287,תז,10,O
287,##רע,10,O
287,משעת,10,O
287,זריעה,10,O
287,[SEP],10,O
287,,10,O
288,[CLS],10,O
288,וכן,10,O
288,משמע,10,O
288,"ברש""י",1,B-AUT
288,שבת,4,B-SEC
288,ריש,10,O
288,פרק,5,B-pCHP
288,מי,6.1,I-CHP
288,שהחש,6.1,I-CHP
288,##יך,10,O
288,שפירש,10,O
288,נותן,10,O
288,כיסו,10,O
288,לנכרי,10,O
288,מבעוד,10,O
288,יום,10,O
288,[SEP],10,O
288,,10,O
289,[CLS],10,O
289,בשבת,10,O
289,או,10,O
289,ביום,10,O
289,טוב,10,O
289,צריך,10,O
289,ליזהר,10,O
289,שלא,10,O
289,יל,10,O
289,##כלך,10,O
289,הדד,10,O
289,בט,10,O
289,##פה,10,O
289,ראשונה,10,O
289,[SEP],10,O
289,,10,O
290,[CLS],10,O
290,ג,10,O
290,),10,O
290,אך,10,O
290,באמת,10,O
290,אינו,10,O
290,עולה,10,O
290,"לרש""י",1,B-AUT
290,לשיטתו,10,O
290,שבת,4,B-SEC
290,(,10,O
290,דף,5,B-pCHP
290,קכ,6,B-CHP
290,"##""א",10,O
290,עמוד,5,B-pCHP
290,ב',6,B-CHP
290,),10,O
290,דרבי,1,B-AUT
290,יהודה,1.1,I-AUT
290,בדבר,10,O
290,שאין,10,O
290,מתכוין,10,O
290,בשבת,10,O
290,אינו,10,O
290,אסור,10,O
290,רק,10,O
290,מדרבנן,10,O
290,[SEP],10,O
290,,10,O
291,[CLS],10,O
291,וכבר,10,O
291,הקשה,10,O
291,רשב,1,B-AUT
291,"##""א",10,O
291,(,10,O
291,דף,5,B-pCHP
291,צ,6,B-CHP
291,"##""ט",10,O
291,עמוד,7,B-pSCHP
291,ב',8,B-SCHP
291,),10,O
291,סוף,10,O
291,דיבור,7,B-pSCHP
291,המתחיל,7.1,I-pSCHP
291,או,8,B-SCHP
291,דל,8.1,I-SCHP
291,##מא,10,O
291,בהא,10,O
291,דאמר,10,O
291,בגמרא,2,B-BOK
291,(,10,O
291,דף,5,B-pCHP
291,צ,6,B-CHP
291,"##""ב",10,O
291,עמוד,7,B-pSCHP
291,א',8,B-SCHP
291,),10,O
291,דיל,10,O
291,##יף,10,O
291,המוציא,10,O
291,משאו,10,O
291,##י,10,O
291,למעלה,10,O
291,מעשרה,10,O
291,מארון,10,O
291,ומז,10,O
291,##בח,10,O
291,שתחת,10,O
291,##יתם,10,O
291,למעלה,10,O
291,מעשרה,10,O
291,[SEP],10,O
291,,10,O
292,[CLS],10,O
292,ד,10,O
292,),10,O
292,הבאת,10,O
292,דברי,10,O
292,"הר""ן",1,B-AUT
292,שמשמע,10,O
292,בגמרא,2,B-BOK
292,דמש,10,O
292,##ום,10,O
292,שאסרה,10,O
292,הכ,10,O
292,##כר,10,O
292,על,10,O
292,עצמה,10,O
292,נעשה,10,O
292,מוקצה,10,O
292,[SEP],10,O
292,,10,O
293,[CLS],10,O
293,"שו""ת",2,B-BOK
293,אבני,2.1,I-BOK
293,נזר,2.1,I-BOK
293,חלק,3,B-pSEC
293,אורח,4,B-SEC
293,חיים,4.1,I-SEC
293,סימן,5,B-pCHP
293,נו,6,B-CHP
293,"ב""ה",10,O
293,וערב,10,O
293,שבת,10,O
293,קדש,10,O
293,לך,10,O
293,שש,10,O
293,מאות,10,O
293,חמישים,10,O
293,ושניים,10,O
293,[SEP],10,O
293,,10,O
294,[CLS],10,O
294,כיון,10,O
294,דבה,10,O
294,##מה,10,O
294,לאו,10,O
294,בת,10,O
294,מחשבה,10,O
294,אך,10,O
294,בתוספות,1,B-AUT
294,שבת,4,B-SEC
294,(,10,O
294,דף,5,B-pCHP
294,"נ""ג",6,B-CHP
294,עמוד,7,B-pSCHP
294,ב',8,B-SCHP
294,),10,O
294,בדיבור,7,B-pSCHP
294,המתחיל,7.1,I-pSCHP
294,כמא,8,B-SCHP
294,##ן,10,O
294,משמע,8.1,I-SCHP
294,[SEP],10,O
294,,10,O
295,[CLS],10,O
295,וכן,10,O
295,לשון,10,O
295,"הש""ס",2,B-BOK
295,ריש,3,B-pSEC
295,מכות,4,B-SEC
295,שכן,10,O
295,לא,10,O
295,עשו,10,O
295,מעשה,10,O
295,ונהרג,10,O
295,##ים,10,O
295,[SEP],10,O
295,,10,O
296,[CLS],10,O
296,א,10,O
296,),10,O
296,אשר,10,O
296,שאלת,10,O
296,שקשה,10,O
296,למצוא,10,O
296,חמין,10,O
296,שצריך,10,O
296,לתינוקות,10,O
296,בשבת,10,O
296,של,10,O
296,פסח,10,O
296,ורצו,10,O
296,##נך,10,O
296,להעמיד,10,O
296,מאש,10,O
296,##ין,10,O
296,שיב,10,O
296,##עיר,10,O
296,כל,10,O
296,השבת,10,O
296,ועל,10,O
296,גביו,10,O
296,יועמד,10,O
296,ט,10,O
296,##שיי,10,O
296,##ניק,10,O
296,עם,10,O
296,מים,10,O
296,ובשבת,10,O
296,יקחו,10,O
296,ממנו,10,O
296,[SEP],10,O
296,,10,O
297,[CLS],10,O
297,ועל,10,O
297,זה,10,O
297,הקשה,10,O
297,כבודו,10,O
297,מהא,10,O
297,דבר,2,B-BOK
297,##כות,10,O
297,(,10,O
297,דף,5,B-pCHP
297,"כ""א",6,B-CHP
297,[SEP],10,O
297,,10,O
298,[CLS],10,O
298,ואם,10,O
298,כן,10,O
298,איך,10,O
298,היה,10,O
298,נעשית,10,O
298,קודם,10,O
298,נסיעה,10,O
298,הא,10,O
298,בנסיעה,10,O
298,נפסל,10,O
298,ביו,10,O
298,##צא,10,O
298,כמו,10,O
298,שתי,10,O
298,לחם,10,O
298,במס,10,O
298,##ולק,10,O
298,כדאיתא,10,O
298,במנח,2,B-BOK
298,##ות,10,O
298,(,10,O
298,דף,5,B-pCHP
298,צ,6,B-CHP
298,"##""ה",10,O
298,עמוד,7,B-pSCHP
298,א',8,B-SCHP
298,),10,O
298,ואף,10,O
298,שדעת,10,O
298,התוספות,1,B-AUT
298,בכמה,10,O
298,מקומות,10,O
298,דקד,10,O
298,##ושת,10,O
298,כלי,10,O
298,לא,10,O
298,מפסל,10,O
298,ביו,10,O
298,##צא,10,O
298,[SEP],10,O
298,,10,O
299,[CLS],10,O
299,אם,10,O
299,כן,10,O
299,אי,10,O
299,אפשר,10,O
299,שהפיר,10,O
299,##וש,10,O
299,מדא,10,O
299,##סר,10,O
299,לחרוש,10,O
299,ולזר,10,O
299,##וע,10,O
299,בשבת,10,O
299,לצורך,10,O
299,המשכן,10,O
299,[SEP],10,O
299,,10,O
300,[CLS],10,O
300,ואם,10,O
300,כן,10,O
300,למס,10,O
300,##ק,10,O
300,##נא,10,O
300,גם,10,O
300,רבי,1,B-AUT
300,אליעזר,1.1,I-AUT
300,סביר,10,O
300,##א,10,O
300,ליה,10,O
300,מלאכת,10,O
300,מחשבת,10,O
300,אסרה,10,O
300,תורה,10,O
300,[SEP],10,O
300,,10,O
